unix,open,high,low,close,Volume LINK,Volume USD
1751328000,13.380000,13.380000,13.380000,13.380000,0.000000,0.000000
1751241600,13.720000,13.770000,13.130000,13.380000,152201.389117,2036454.586388
1751155200,13.400000,13.880000,13.260000,13.700000,48616.746934,666049.432997
1751068800,13.060000,13.450000,13.010000,13.390000,37314.941928,499647.072414
1750982400,12.960000,13.230000,12.750000,13.060000,71453.186010,933178.609284
1750896000,13.140000,13.560000,12.890000,12.930000,86233.815419,1115003.233369
1750809600,13.430000,13.500000,12.990000,13.140000,112779.179549,1481918.419272
1750723200,12.870000,13.740000,12.800000,13.410000,104414.442629,1400197.675661
1750636800,11.650000,12.950000,11.420000,12.870000,168424.585617,2167624.416895
1750550400,12.040000,12.180000,10.950000,11.660000,133111.574905,1552080.963391
1750464000,12.520000,12.730000,11.690000,12.040000,135568.477851,1632244.473328
1750377600,13.070000,13.280000,12.310000,12.510000,52063.180780,651310.391557
1750291200,13.110000,13.380000,12.940000,13.070000,35469.524593,463586.686435
1750204800,13.010000,13.190000,12.640000,13.050000,42784.360974,558335.910710
1750118400,13.580000,13.750000,12.810000,13.000000,73792.579707,959303.536196
1750032000,13.300000,14.150000,13.180000,13.540000,117137.815673,1586046.024213
1749945600,13.160000,13.320000,13.010000,13.300000,68670.904259,913323.026650
1749859200,13.440000,13.460000,12.850000,13.180000,70348.449550,927192.565075
1749772800,13.970000,13.970000,12.800000,13.450000,284809.512644,3830687.945060
1749686400,14.900000,14.920000,13.840000,13.990000,144189.700604,2017213.911457
1749600000,15.440000,15.640000,14.790000,14.910000,48696.329398,726062.271318
1749513600,14.360000,15.530000,14.340000,15.440000,111953.985356,1728569.533895
1749427200,13.730000,14.400000,13.550000,14.350000,54440.647751,781223.295233
1749340800,13.770000,13.970000,13.580000,13.680000,25617.610171,350448.907145
1749254400,13.580000,14.090000,13.500000,13.830000,33116.538194,458001.723223
1749168000,12.890000,13.690000,12.880000,13.580000,59920.874512,813725.475868
1749081600,13.850000,14.040000,12.650000,12.900000,63547.093154,819757.501689
1748995200,14.160000,14.460000,13.740000,13.870000,38647.288419,536037.890368
1748908800,14.090000,14.450000,14.020000,14.120000,49682.563712,701517.799609
1748822400,14.050000,14.120000,13.620000,14.090000,44603.988551,628470.198684
1748736000,13.960000,14.130000,13.600000,14.070000,64054.619051,901248.490050
1748649600,13.910000,14.190000,13.440000,13.970000,68324.354926,954491.238318
1748563200,15.070000,15.110000,13.790000,13.910000,75001.285542,1043267.881884
1748476800,15.690000,16.180000,15.010000,15.030000,68211.665256,1025221.328801
1748390400,15.930000,16.150000,15.300000,15.660000,48163.721020,754243.871171
1748304000,15.540000,16.130000,15.180000,15.920000,49786.528181,792601.528639
1748217600,15.520000,15.960000,15.440000,15.540000,38114.801909,592304.021665
1748131200,15.360000,15.580000,14.870000,15.530000,37238.513157,578314.109322
1748044800,15.520000,15.910000,15.250000,15.360000,20428.742329,313785.482178
1747958400,16.690000,17.150000,15.430000,15.540000,76086.760713,1182388.261473
1747872000,16.120000,16.900000,16.070000,16.750000,91778.384403,1537287.938747
1747785600,15.710000,16.480000,15.570000,16.130000,103884.879413,1675663.104934
1747699200,15.800000,16.400000,15.260000,15.710000,25326.120332,397873.350411
1747612800,15.840000,15.910000,14.840000,15.780000,29689.602005,468501.919635
1747526400,15.320000,16.350000,14.910000,15.880000,23690.010031,376197.359296
1747440000,15.760000,15.790000,15.110000,15.340000,37296.786020,572132.697545
1747353600,16.020000,16.500000,15.620000,15.770000,32218.765155,508089.926488
1747267200,17.020000,17.200000,15.710000,16.040000,57480.440600,921986.267222
1747180800,17.390000,17.520000,16.690000,16.970000,56067.918800,951472.582033
1747094400,16.570000,17.780000,16.040000,17.420000,113290.754429,1973524.942146
1747008000,17.090000,17.950000,16.050000,16.730000,72462.539712,1212298.289381
1746921600,17.340000,17.400000,16.330000,17.070000,46799.320817,798864.406347
1746835200,16.090000,17.440000,15.920000,17.320000,37017.460607,641142.417719
1746748800,15.830000,16.710000,15.590000,15.990000,71252.864138,1139333.297574
1746662400,13.820000,15.970000,13.810000,15.850000,87778.621419,1391291.149486
1746576000,13.810000,14.090000,13.490000,13.810000,23793.489266,328588.086760
1746489600,13.650000,13.880000,13.230000,13.820000,37927.282656,524155.046301
1746403200,13.890000,14.150000,13.500000,13.660000,40420.979548,552150.580630
1746316800,14.180000,14.340000,13.850000,13.860000,8113.337667,112450.860059
1746230400,14.580000,14.580000,14.190000,14.310000,11020.266398,157700.012160
1746144000,14.750000,15.050000,14.570000,14.650000,19177.004073,280943.109675
1746057600,14.300000,15.030000,14.300000,14.750000,25849.715552,381283.304397
1745971200,14.590000,14.760000,13.860000,14.310000,22544.949443,322618.226532
1745884800,15.030000,15.230000,14.490000,14.610000,21034.469405,307313.598005
1745798400,14.580000,15.110000,14.280000,15.010000,35588.765633,534187.372155
1745712000,14.870000,15.070000,14.380000,14.630000,27335.056400,399911.875132
1745625600,14.960000,15.270000,14.700000,14.870000,27262.235068,405389.435466
1745539200,15.030000,15.360000,14.770000,14.940000,29241.183917,436863.287718
1745452800,15.050000,15.120000,14.170000,15.070000,30124.229720,453972.141881
1745366400,14.140000,15.270000,14.030000,15.020000,38479.782931,577966.339617
1745280000,13.010000,14.150000,12.920000,14.150000,33380.395089,472332.590507
1745193600,13.270000,13.690000,12.970000,13.030000,29919.848723,389855.628861
1745107200,12.920000,13.590000,12.890000,13.280000,21915.480888,291037.586191
1745020800,12.560000,13.040000,12.550000,12.940000,17401.394822,225174.048999
1744934400,12.540000,12.710000,12.410000,12.560000,18359.162844,230591.085324
1744848000,12.380000,12.690000,12.220000,12.530000,20532.800189,257275.986368
1744761600,12.200000,12.520000,11.920000,12.340000,32428.656986,400169.627209
1744675200,12.610000,12.820000,12.220000,12.230000,18383.593732,224831.351344
1744588800,12.640000,13.230000,12.590000,12.600000,21440.767048,270153.664808
1744502400,13.170000,13.230000,12.430000,12.620000,14884.533296,187842.810195
1744416000,12.680000,13.280000,12.480000,13.140000,11564.243916,151954.165054
1744329600,12.050000,12.880000,12.040000,12.650000,27028.269409,341907.608030
1744243200,12.650000,12.650000,11.680000,12.080000,37020.833445,447211.668019
1744156800,10.910000,12.870000,10.440000,12.650000,84728.911637,1071820.732213
1744070400,11.500000,11.890000,10.780000,10.920000,33152.385287,362024.047333
1743984000,11.260000,11.870000,10.100000,11.430000,95719.047423,1094068.712049
1743897600,12.820000,12.940000,11.000000,11.290000,24471.406336,276282.177537
1743811200,12.950000,13.040000,12.580000,12.860000,7932.678590,102014.246668
1743724800,12.840000,13.180000,12.380000,12.940000,42668.517534,552130.616886
1743638400,12.880000,13.300000,12.310000,12.880000,101889.864952,1312341.460579
1743552000,14.020000,14.390000,12.830000,12.910000,50611.066095,653388.863290
1743465600,13.490000,14.390000,13.490000,14.040000,130327.082368,1829792.236442
1743379200,13.410000,13.700000,12.970000,13.500000,52920.635161,714428.574673
1743292800,13.490000,13.850000,13.200000,13.370000,15907.946462,212689.244191
1743206400,14.290000,14.390000,13.360000,13.540000,26346.224638,356727.881597
1743120000,15.480000,15.570000,14.000000,14.250000,82369.611032,1173766.957209
1743033600,15.230000,15.780000,15.170000,15.480000,104582.294781,1618933.923216
1742947200,15.380000,16.000000,14.960000,15.250000,49472.044184,754448.673805
1742860800,15.070000,15.600000,14.880000,15.450000,39944.649237,617144.830707
1742774400,14.440000,15.380000,14.180000,15.120000,34804.771147,526248.139748
1742688000,14.250000,14.480000,14.240000,14.450000,26022.821250,376029.767068
1742601600,13.970000,14.490000,13.960000,14.230000,6458.192478,91900.078964
1742515200,14.220000,14.380000,13.840000,13.930000,13832.277719,192683.628625
1742428800,15.060000,15.160000,14.080000,14.200000,17538.667390,249049.076935
1742342400,13.950000,15.040000,13.780000,15.020000,25994.081180,390431.099327
1742256000,14.020000,14.260000,13.480000,13.940000,34093.057051,475257.215289
1742169600,13.360000,14.230000,13.360000,14.030000,38427.218474,539133.875189
1742083200,14.000000,14.180000,13.220000,13.370000,10321.099612,137993.101812
1741996800,13.670000,14.470000,13.640000,14.030000,41799.890176,586452.459168
1741910400,13.000000,14.680000,12.990000,13.660000,85685.297206,1170461.159838
1741824000,13.510000,13.580000,12.720000,13.010000,35731.684688,464869.217792
1741737600,13.080000,13.800000,12.680000,13.470000,30595.825650,412125.771501
1741651200,12.730000,13.660000,11.860000,13.130000,33749.079237,443125.410383
1741564800,13.800000,14.520000,12.450000,12.650000,103777.227573,1312781.928803
1741478400,15.220000,15.360000,13.630000,13.710000,41549.919106,569649.390946
1741392000,15.970000,16.010000,15.140000,15.240000,18360.181990,279809.173523
1741305600,17.050000,17.520000,15.740000,15.950000,81674.636415,1302710.450817
1741219200,16.550000,17.650000,16.390000,17.050000,71620.456310,1221128.780093
1741132800,14.920000,16.580000,14.640000,16.420000,70266.768321,1153780.335831
1741046400,14.380000,15.340000,13.080000,14.900000,48694.002166,725540.632274
1740960000,17.460000,17.480000,14.360000,14.400000,55095.721615,793378.391250
1740873600,14.740000,17.520000,14.420000,17.440000,75641.387933,1319185.805546
1740787200,14.780000,15.120000,14.240000,14.760000,26334.769188,388701.193213
1740700800,15.080000,15.170000,13.440000,14.850000,66886.742213,993268.121857
1740614400,15.100000,15.760000,14.780000,15.080000,28527.792361,430199.108806
1740528000,15.280000,15.720000,14.650000,15.180000,135463.777508,2056340.142576
1740441600,15.380000,15.580000,14.040000,15.300000,140751.646634,2153500.193507
1740355200,17.730000,17.740000,15.000000,15.260000,88522.904671,1350859.525277
1740268800,17.720000,18.110000,17.430000,17.680000,7866.224836,139074.855103
1740182400,17.320000,18.010000,17.320000,17.770000,24703.463944,438980.554283
1740096000,18.280000,19.050000,17.120000,17.400000,42378.602148,737387.677371
1740009600,17.970000,18.450000,17.840000,18.320000,60569.808475,1109638.891257
1739923200,17.880000,18.160000,17.490000,17.970000,83798.694113,1505862.533213
1739836800,19.120000,19.190000,17.300000,17.840000,61571.941431,1098443.435126
1739750400,18.750000,19.780000,18.380000,19.080000,33584.080826,640784.262163
1739664000,19.010000,19.240000,18.580000,18.660000,22213.284064,414499.880637
1739577600,19.380000,19.660000,18.740000,18.980000,33914.548106,643698.123052
1739491200,18.510000,19.840000,18.460000,19.380000,48013.288082,930497.523030
1739404800,19.230000,19.310000,18.200000,18.540000,56909.854661,1055108.705409
1739318400,18.640000,19.520000,17.660000,19.200000,62823.921905,1206219.300580
1739232000,18.830000,19.800000,18.240000,18.640000,21721.956654,404897.272024
1739145600,18.330000,19.110000,17.710000,18.740000,36758.501221,688854.312886
1739059200,18.420000,18.990000,17.460000,18.310000,58116.435791,1064111.939332
1738972800,18.350000,18.610000,17.880000,18.530000,11741.012783,217560.966874
1738886400,18.690000,19.860000,17.810000,18.400000,31564.820608,580792.699190
1738800000,19.230000,19.940000,18.490000,18.520000,80563.793713,1492041.459561
1738713600,19.980000,20.260000,18.980000,19.190000,88308.986181,1694649.444808
1738627200,21.690000,21.710000,19.330000,19.980000,76281.364025,1524101.653219
1738540800,20.190000,22.050000,16.000000,21.620000,295882.369901,6396976.837250
1738454400,22.960000,23.310000,19.390000,20.490000,77060.268019,1578964.891711
1738368000,25.190000,25.950000,22.770000,22.980000,43707.220682,1004391.931263
1738281600,24.600000,26.370000,24.140000,25.170000,118595.313481,2985044.040320
1738195200,23.720000,25.190000,23.420000,24.480000,31304.659638,766338.067939
1738108800,22.570000,24.440000,22.340000,23.600000,73268.141717,1729128.144519
1738022400,24.220000,24.650000,22.390000,22.630000,36494.916817,825879.967571
1737936000,24.840000,25.090000,22.180000,24.200000,139348.244107,3372227.507378
1737849600,24.900000,26.370000,24.860000,24.880000,102227.721244,2543425.704544
1737763200,25.160000,25.410000,24.720000,24.950000,26606.082349,663821.754608
1737676800,25.710000,26.410000,24.860000,25.170000,85384.344240,2149123.944518
1737590400,25.220000,26.230000,23.970000,25.680000,130713.674470,3356727.160389
1737504000,26.730000,27.180000,25.140000,25.350000,34605.224034,877242.429254
1737417600,25.130000,27.080000,23.680000,26.720000,150465.549098,4020439.471895
1737331200,24.290000,26.890000,23.400000,24.950000,121247.788291,3025132.317870
1737244800,24.050000,26.650000,22.160000,24.320000,148718.264044,3616828.181546
1737158400,25.100000,25.630000,23.370000,24.100000,74117.966270,1786242.987108
1737072000,23.060000,25.230000,23.060000,25.110000,108839.368233,2732956.536320
1736985600,22.160000,23.760000,21.300000,23.010000,61677.759332,1419205.242221
1736899200,20.400000,22.130000,20.100000,22.130000,35075.266245,776215.641996
1736812800,19.380000,20.470000,19.250000,20.290000,51925.054587,1053559.357565
1736726400,19.800000,20.400000,17.830000,19.330000,55855.844559,1079693.475318
1736640000,20.160000,20.300000,19.600000,19.810000,12136.872872,240431.451589
1736553600,20.290000,20.680000,19.850000,20.220000,37871.326803,765758.227963
1736467200,19.700000,20.500000,19.550000,20.250000,29768.853660,602819.286611
1736380800,20.450000,20.720000,19.150000,19.600000,65042.189304,1274826.910350
1736294400,21.510000,21.710000,19.580000,20.450000,103759.082788,2121873.243019
1736208000,23.730000,23.820000,21.200000,21.400000,95381.704951,2041168.485948
1736121600,23.620000,24.770000,23.040000,23.810000,73342.849304,1746293.241939
1736035200,23.600000,23.770000,22.900000,23.660000,28523.746433,674871.840610
1735948800,23.450000,24.030000,22.880000,23.600000,47528.967148,1121683.624693
1735862400,22.050000,23.870000,21.650000,23.470000,78907.435300,1851957.506490
1735776000,21.710000,22.870000,21.700000,22.110000,109094.584187,2412081.256375
1735689600,20.000000,21.790000,19.670000,21.710000,35544.048363,771661.289963
1735603200,20.550000,21.180000,19.750000,20.000000,97127.994677,1942559.893536
1735516800,20.850000,21.760000,20.060000,20.600000,27215.949833,560648.566554
1735430400,21.940000,21.940000,20.750000,20.950000,48804.660501,1022457.637492
1735344000,21.530000,22.340000,21.020000,21.900000,195264.719196,4276297.350383
1735257600,22.710000,23.630000,21.350000,21.410000,136606.056124,2924735.661607
1735171200,24.410000,24.670000,22.440000,22.680000,55156.601471,1250951.721372
1735084800,25.440000,25.530000,24.120000,24.420000,35322.904964,862585.339225
1734998400,24.510000,25.960000,23.540000,25.450000,130120.026529,3311554.675166
1734912000,22.070000,24.920000,21.500000,24.520000,112775.514291,2765255.610405
1734825600,22.140000,22.760000,21.350000,21.970000,102070.214923,2242482.621850
1734739200,23.380000,24.920000,21.780000,22.110000,40194.394235,888698.056529
1734652800,22.910000,23.740000,20.000000,23.290000,339488.420866,7906685.321958
1734566400,24.860000,25.610000,21.680000,22.800000,117307.912524,2674620.405550
1734480000,27.910000,28.390000,24.730000,24.920000,113558.115513,2829868.238595
1734393600,28.760000,29.050000,27.380000,27.750000,52248.382491,1449892.614138
1734307200,29.250000,30.800000,28.260000,28.820000,133255.933906,3840436.015171
1734220800,29.200000,29.850000,28.050000,29.240000,60644.605324,1773248.259684
1734134400,28.990000,30.750000,28.720000,29.140000,107021.713937,3118612.744110
1734048000,29.130000,30.940000,27.560000,29.050000,153470.140940,4458307.594299
1733961600,24.060000,29.460000,23.950000,29.120000,206714.879680,6019537.296296
1733875200,22.150000,24.330000,21.190000,24.110000,88513.329728,2134056.379737
1733788800,22.250000,23.770000,20.300000,22.150000,190708.601968,4224195.533594
1733702400,26.140000,27.330000,19.600000,22.310000,364236.758634,8126122.085118
1733616000,24.780000,27.400000,24.730000,26.100000,116789.262251,3048199.744757
1733529600,25.880000,26.140000,24.500000,24.800000,72171.346586,1789849.395344
1733443200,23.180000,25.990000,22.780000,25.900000,90479.590518,2343421.394415
1733356800,24.130000,24.890000,22.250000,23.170000,190498.954902,4413860.785088
1733270400,24.110000,26.500000,23.730000,24.110000,196677.012748,4741882.777348
1733184000,25.250000,26.210000,22.520000,24.170000,320282.254191,7741222.083799
1733097600,19.010000,26.870000,18.620000,25.230000,434984.848740,10974667.733701
1733011200,18.980000,19.060000,18.450000,18.880000,60357.638445,1139552.213850
1732924800,18.250000,19.450000,18.020000,19.050000,47342.552176,901875.618952
1732838400,17.940000,18.410000,17.600000,18.280000,40842.357704,746598.298830
1732752000,18.590000,18.660000,17.500000,17.940000,32207.040504,577794.306635
1732665600,17.490000,19.010000,16.980000,18.720000,65673.517148,1229408.241002
1732579200,17.350000,17.790000,16.200000,17.260000,112569.881649,1942956.157260
1732492800,17.910000,19.070000,17.150000,17.370000,118510.264953,2058523.302227
1732406400,17.390000,18.280000,16.160000,18.020000,72089.639746,1299055.308214
1732320000,16.540000,18.360000,16.330000,17.320000,189838.140922,3287996.600773
1732233600,14.910000,16.600000,14.750000,16.540000,171203.918701,2831712.815306
1732147200,14.250000,15.310000,13.870000,14.990000,72205.036125,1082353.491515
1732060800,14.580000,15.320000,14.050000,14.250000,60685.875014,864773.718950
1731974400,15.270000,15.370000,14.460000,14.630000,57302.538195,838336.133795
1731888000,13.820000,16.000000,13.770000,15.250000,92607.449656,1412263.607259
1731801600,14.560000,14.860000,13.580000,13.740000,48020.074774,659795.827391
1731715200,13.790000,14.790000,13.780000,14.520000,60874.745989,883901.311763
1731628800,12.990000,13.900000,12.730000,13.830000,52110.386962,720686.651680
1731542400,13.490000,13.820000,12.810000,12.990000,93365.976171,1212824.030465
1731456000,13.950000,14.400000,13.120000,13.490000,83011.975768,1119831.553115
1731369600,14.920000,15.300000,13.690000,14.050000,179534.954987,2522466.117574
1731283200,14.360000,14.950000,13.660000,14.930000,106379.493181,1588245.833188
1731196800,13.780000,14.840000,13.670000,14.280000,118902.023357,1697920.893537
1731110400,13.560000,13.840000,13.290000,13.750000,26817.808442,368744.866077
1731024000,12.770000,13.750000,12.610000,13.700000,53118.080764,727717.706463
1730937600,12.140000,12.710000,12.100000,12.540000,49281.943904,617995.576562
1730851200,10.830000,12.310000,10.830000,12.160000,50846.890175,618298.184534
1730764800,10.320000,10.940000,10.270000,10.830000,17517.183397,189711.096191
1730678400,10.740000,10.890000,10.150000,10.240000,52360.573096,536172.268498
1730592000,11.210000,11.210000,10.520000,10.740000,57243.932920,614799.839565
1730505600,11.250000,11.370000,11.080000,11.150000,15377.096074,171454.621231
1730419200,11.420000,11.710000,11.190000,11.260000,77410.280463,871639.758014
1730332800,12.450000,12.450000,11.320000,11.420000,49364.377055,563741.185973
1730246400,11.810000,12.430000,11.660000,12.390000,44258.190741,548358.983282
1730160000,11.170000,11.800000,11.170000,11.770000,48627.947181,572350.938316
1730073600,10.960000,11.240000,10.700000,11.190000,30839.870042,345098.145765
1729987200,10.950000,11.160000,10.840000,10.970000,35486.349337,389285.252224
1729900800,11.110000,11.370000,10.810000,11.000000,85577.501397,941352.515371
1729814400,11.620000,12.080000,10.810000,11.150000,56614.816475,631255.203696
1729728000,11.480000,11.570000,11.240000,11.570000,7030.945669,81348.041385
1729641600,11.900000,11.900000,11.010000,11.330000,43874.484329,497097.907453
1729555200,11.760000,12.330000,11.600000,12.050000,32953.537323,397090.124742
1729468800,11.980000,12.020000,11.530000,11.710000,38870.968066,455179.036052
1729382400,11.390000,12.010000,11.300000,11.990000,46404.317593,556387.767941
1729296000,11.480000,11.590000,11.300000,11.420000,8870.462437,101300.681027
1729209600,11.010000,11.480000,10.980000,11.480000,28579.790300,328095.992643
1729123200,11.210000,11.290000,10.860000,11.050000,37781.318090,417483.564890
1729036800,11.260000,11.440000,11.080000,11.240000,13556.388605,152373.807922
1728950400,11.320000,11.700000,10.930000,11.410000,61836.714488,705556.912308
1728864000,10.650000,11.330000,10.650000,11.260000,19080.072383,214841.615031
1728777600,10.990000,11.070000,10.640000,10.730000,10220.705594,109668.171019
1728691200,10.900000,11.140000,10.860000,11.010000,23553.110773,259319.749613
1728604800,10.520000,11.020000,10.520000,10.890000,56609.149675,616473.639959
1728518400,10.540000,10.720000,10.260000,10.530000,16463.584912,173361.549122
1728432000,10.820000,10.910000,10.440000,10.550000,28587.004519,301592.897680
1728345600,11.210000,11.260000,10.850000,10.910000,10444.609301,113950.687471
1728259200,11.320000,11.740000,11.180000,11.180000,26518.360127,296475.266215
1728172800,11.260000,11.380000,11.180000,11.310000,4870.452805,55084.821227
1728086400,11.110000,11.370000,11.030000,11.240000,12411.563342,139505.971961
1728000000,10.680000,11.240000,10.640000,11.080000,23511.592980,260508.450215
1727913600,10.650000,10.830000,10.370000,10.650000,31757.862443,338221.235021
1727827200,11.000000,11.300000,10.460000,10.670000,40855.525176,435928.453630
1727740800,11.840000,12.230000,10.890000,11.050000,47340.826558,523116.133471
1727654400,12.470000,12.470000,11.760000,11.850000,12417.173167,147143.502031
1727568000,12.950000,12.950000,12.450000,12.450000,9715.078882,120952.732079
1727481600,12.680000,12.950000,12.390000,12.890000,16679.338271,214996.670315
1727395200,12.530000,12.870000,12.490000,12.670000,18489.435626,234261.149385
1727308800,12.020000,12.740000,11.940000,12.510000,55395.557319,692998.422060
1727222400,12.170000,12.550000,12.070000,12.120000,48364.896088,586182.540587
1727136000,11.390000,12.210000,11.220000,12.150000,47723.593508,579841.661126
1727049600,10.960000,11.550000,10.950000,11.430000,23708.358713,270986.540092
1726963200,11.500000,11.520000,10.850000,11.120000,16870.506126,187600.028124
1726876800,11.430000,11.530000,11.230000,11.520000,6991.444529,80541.440978
1726790400,11.210000,11.740000,11.120000,11.440000,26356.890630,301522.828804
1726704000,10.920000,11.400000,10.920000,11.200000,27977.334943,313346.151364
1726617600,10.540000,10.790000,10.290000,10.790000,18164.039707,195989.988435
1726531200,10.530000,10.910000,10.470000,10.620000,83183.034357,883403.824873
1726444800,10.800000,10.800000,10.450000,10.540000,14302.288590,150746.121743
1726358400,11.300000,11.330000,10.800000,10.820000,9518.534027,102990.538174
1726272000,11.450000,11.460000,11.260000,11.300000,6790.921314,76737.410852
1726185600,10.790000,11.530000,10.650000,11.470000,21017.464457,241070.317321
1726099200,10.490000,10.800000,10.490000,10.800000,9502.063144,102622.281960
1726012800,10.570000,10.570000,10.180000,10.410000,14937.898540,155503.523804
1725926400,10.540000,10.700000,10.350000,10.600000,8253.936788,87491.729951
1725840000,10.380000,10.800000,10.310000,10.570000,53782.752690,568483.695930
1725753600,10.020000,10.440000,9.970000,10.300000,64971.359080,669204.998522
1725667200,9.570000,10.150000,9.570000,10.010000,89414.987128,895044.021147
1725580800,10.020000,10.160000,9.300000,9.570000,27441.532427,262615.465328
1725494400,10.330000,10.380000,9.960000,10.010000,13011.184463,130241.956479
1725408000,10.170000,10.490000,9.840000,10.400000,78877.081561,820321.648232
1725321600,10.750000,10.790000,10.250000,10.360000,19927.562730,206449.549878
1725235200,10.420000,10.820000,10.400000,10.770000,8316.382481,89567.439320
1725148800,11.000000,11.000000,10.250000,10.380000,60638.654671,629429.235481
1725062400,11.130000,11.190000,10.940000,11.030000,17340.095678,191261.255325
1724976000,10.970000,11.200000,10.520000,11.120000,152238.582291,1692893.035075
1724889600,11.170000,11.430000,10.840000,10.920000,61880.115087,675730.856750
1724803200,11.150000,11.700000,10.980000,11.180000,36487.326315,407928.308203
1724716800,11.870000,11.970000,10.910000,11.170000,123903.767932,1384005.087799
1724630400,12.080000,12.670000,11.880000,11.880000,52797.898794,627239.037677
1724544000,12.320000,12.350000,11.970000,12.120000,13776.307487,166968.846745
1724457600,12.050000,12.540000,11.930000,12.330000,23712.023819,292369.253688
1724371200,11.480000,12.210000,11.470000,12.090000,39363.398095,475903.482970
1724284800,11.360000,11.600000,11.150000,11.430000,89772.390957,1026098.428642
1724198400,10.250000,11.380000,10.160000,11.220000,67218.177006,754187.946012
1724112000,10.360000,10.520000,10.050000,10.250000,81714.923074,837577.961511
1724025600,10.070000,10.190000,9.960000,10.190000,13418.251591,136731.983712
1723939200,10.150000,10.430000,10.070000,10.090000,15468.194611,156074.083621
1723852800,10.080000,10.160000,10.050000,10.150000,4280.460234,43446.671379
1723766400,10.190000,10.330000,9.930000,10.130000,100581.367997,1018889.257811
1723680000,10.430000,10.680000,9.990000,10.210000,12694.815039,129614.061552
1723593600,10.590000,10.740000,10.280000,10.400000,16127.946077,167730.639197
1723507200,10.510000,10.670000,10.110000,10.550000,29703.682620,313373.851638
1723420800,10.020000,10.720000,9.960000,10.430000,22863.014360,238461.239780
1723334400,10.570000,10.850000,9.980000,10.020000,11547.035201,115701.292711
1723248000,10.520000,10.680000,10.490000,10.540000,6972.323341,73488.288016
1723161600,10.690000,10.710000,10.180000,10.560000,27893.503203,294555.393827
1723075200,9.480000,10.830000,9.400000,10.690000,46803.538299,500329.824420
1722988800,10.010000,10.470000,9.470000,9.500000,64748.084877,615106.806332
1722902400,9.600000,10.510000,9.590000,10.060000,161432.981799,1624015.796902
1722816000,10.890000,10.960000,8.070000,9.490000,285063.487487,2705252.496249
1722729600,11.660000,11.760000,10.490000,10.880000,83205.343360,905274.135755
1722643200,11.900000,12.120000,11.330000,11.700000,22620.481263,264659.630771
1722556800,12.880000,12.930000,11.760000,11.930000,35624.705646,425002.738362
1722470400,12.890000,13.070000,12.130000,12.890000,33671.630570,434027.318048
1722384000,13.090000,13.390000,12.780000,12.830000,92185.932983,1182745.520175
1722297600,13.580000,13.770000,13.000000,13.130000,26366.019140,346185.831302
1722211200,13.320000,13.850000,13.320000,13.540000,22513.748736,304836.157885
1722124800,13.440000,13.620000,13.250000,13.290000,9224.751583,122596.948540
1722038400,13.510000,13.850000,13.370000,13.710000,35413.883179,485524.338381
1721952000,12.960000,13.620000,12.960000,13.540000,33507.012138,453684.944343
1721865600,13.430000,13.440000,12.490000,12.950000,54572.270635,706710.904729
1721779200,13.820000,13.940000,13.310000,13.350000,30293.360202,404416.358702
1721692800,14.020000,14.150000,13.500000,13.900000,52564.529996,730646.966944
1721606400,14.800000,14.820000,13.830000,13.950000,17857.732976,249115.375010
1721520000,14.220000,15.020000,14.020000,14.790000,69713.091346,1031056.621011
1721433600,14.080000,14.340000,13.880000,14.210000,12683.778964,180236.499083
1721347200,13.580000,14.140000,13.350000,14.080000,52254.132204,735738.181434
1721260800,13.850000,14.000000,13.420000,13.630000,37317.829542,508642.016663
1721174400,14.260000,14.470000,13.760000,13.760000,71632.436066,985662.320262
1721088000,14.450000,14.590000,13.850000,14.240000,20676.656107,294435.582962
1721001600,13.480000,14.500000,13.460000,14.410000,47963.147930,691148.961678
1720915200,13.050000,13.530000,12.950000,13.410000,13520.756770,181313.348292
1720828800,12.830000,13.090000,12.770000,13.080000,21973.526738,287413.729731
1720742400,12.360000,12.790000,12.270000,12.710000,58470.000537,743153.706820
1720656000,12.740000,13.120000,12.340000,12.360000,14034.793844,173470.051908
1720569600,12.760000,13.170000,12.720000,12.820000,6172.884744,79136.382423
1720483200,13.130000,13.300000,12.750000,12.850000,13526.818536,173819.618183
1720396800,12.320000,13.520000,11.810000,13.130000,87152.771364,1144315.888015
1720310400,13.180000,13.180000,12.310000,12.340000,56641.043578,698950.477754
1720224000,12.290000,13.250000,12.200000,13.200000,16562.477669,218624.705233
1720137600,12.540000,12.540000,11.080000,12.380000,99699.325492,1234277.649591
1720051200,13.570000,13.650000,12.540000,12.540000,47079.426696,590376.010766
1719964800,14.420000,14.560000,13.560000,13.590000,62020.659544,842860.763207
1719878400,14.290000,14.700000,14.240000,14.440000,9585.085552,138408.635374
1719792000,14.260000,14.530000,14.230000,14.370000,36134.762644,519256.539198
1719705600,13.500000,14.310000,13.450000,14.260000,30812.160957,439381.415250
1719619200,13.890000,14.050000,13.480000,13.500000,6768.957218,91380.922443
1719532800,14.320000,14.560000,13.760000,13.760000,25388.835440,349350.375649
1719446400,13.870000,14.560000,13.600000,14.350000,77428.251931,1111095.415205
1719360000,14.120000,14.250000,13.890000,13.900000,4248.587466,59055.365777
1719273600,13.620000,14.280000,13.580000,14.170000,15858.278110,224711.800825
1719187200,13.200000,13.670000,12.710000,13.630000,26452.074141,360541.770540
1719100800,13.480000,13.650000,13.130000,13.150000,59296.055760,779743.133242
1719014400,13.860000,13.890000,13.490000,13.490000,36102.217927,487018.919832
1718928000,14.220000,14.590000,13.850000,13.870000,52771.231522,731936.981210
1718841600,14.310000,14.820000,14.200000,14.250000,17146.495603,244337.562349
1718755200,13.930000,14.470000,13.910000,14.350000,9553.803387,137097.078599
1718668800,14.600000,14.600000,12.990000,13.910000,124275.388605,1728670.655499
1718582400,15.110000,15.200000,14.020000,14.530000,57457.393104,834855.921806
1718496000,14.810000,15.180000,14.640000,15.140000,19591.658376,296617.707818
1718409600,14.720000,15.090000,14.720000,14.860000,10817.225139,160743.965567
1718323200,15.150000,15.440000,14.480000,14.760000,55326.681483,816621.818690
1718236800,15.980000,15.980000,15.070000,15.150000,32540.690333,492991.458543
1718150400,15.040000,16.220000,14.740000,15.980000,50564.923126,808027.471550
1718064000,15.890000,15.900000,14.680000,15.000000,68337.029216,1025055.438239
1717977600,16.350000,16.370000,15.760000,15.900000,22301.365294,354591.708179
1717891200,15.930000,16.370000,15.930000,16.330000,8146.299196,133029.065879
1717804800,16.300000,16.410000,15.700000,15.960000,44778.835967,714670.222034
1717718400,17.290000,17.680000,15.370000,16.330000,49326.212532,805497.050648
1717632000,17.730000,17.750000,17.120000,17.250000,30741.034239,530282.840625
1717545600,17.730000,18.070000,17.630000,17.750000,11910.714154,211415.176229
1717459200,17.580000,17.840000,17.550000,17.700000,15611.469977,276323.018590
1717372800,18.130000,18.330000,17.560000,17.600000,74502.305741,1311240.581050
1717286400,18.420000,18.520000,18.090000,18.130000,21876.936705,396628.862470
1717200000,18.390000,18.640000,18.280000,18.380000,8068.401364,148297.217070
1717113600,17.890000,18.720000,17.480000,18.400000,105361.550950,1938652.537483
1717027200,18.420000,19.160000,17.800000,17.950000,63290.487637,1136064.253076
1716940800,18.550000,19.200000,18.050000,18.450000,105657.238879,1949376.057325
1716854400,18.750000,18.810000,17.850000,18.490000,52806.539158,976392.909029
1716768000,17.040000,18.850000,16.870000,18.760000,63247.744468,1186527.686213
1716681600,17.460000,17.890000,17.000000,17.040000,23767.484584,404997.937316
1716595200,17.130000,17.450000,16.930000,17.390000,20532.086150,357052.978148
1716508800,16.600000,17.750000,16.600000,17.250000,105884.003420,1826499.058987
1716422400,16.360000,16.790000,15.470000,16.600000,72134.620914,1197434.707168
1716336000,16.810000,16.910000,16.170000,16.350000,29293.590203,478950.199819
1716249600,17.250000,17.430000,16.540000,16.760000,40319.918760,675761.838413
1716163200,16.620000,17.400000,16.390000,17.290000,89602.850597,1549233.286831
1716076800,16.390000,17.110000,16.320000,16.570000,47910.248922,793872.824642
1715990400,16.290000,16.560000,16.080000,16.310000,59432.725986,969347.760832
1715904000,15.550000,16.750000,15.510000,16.250000,145459.530221,2363717.366088
1715817600,13.900000,15.860000,13.540000,15.530000,143807.126767,2233324.678693
1715731200,12.990000,13.940000,12.860000,13.870000,14876.864556,206342.111395
1715644800,13.390000,13.540000,12.940000,13.000000,13027.089856,169352.168124
1715558400,13.580000,13.650000,13.080000,13.370000,22283.217355,297926.616038
1715472000,13.300000,13.590000,13.300000,13.540000,4172.605589,56497.079674
1715385600,13.570000,13.660000,13.310000,13.330000,6125.437556,81652.082624
1715299200,14.260000,14.360000,13.500000,13.570000,9078.104091,123189.872513
1715212800,13.890000,14.360000,13.830000,14.240000,28512.679930,406020.562205
1715126400,13.980000,14.110000,13.710000,13.890000,37660.191576,523100.060997
1715040000,14.520000,14.640000,13.970000,13.990000,14021.140289,196155.752645
1714953600,14.370000,15.170000,14.310000,14.480000,16682.413951,241561.354003
1714867200,14.260000,14.580000,14.140000,14.380000,3665.022847,52703.028537
1714780800,14.100000,14.450000,13.980000,14.310000,28880.752038,413283.561661
1714694400,13.600000,14.210000,13.470000,14.140000,22338.108706,315860.857096
1714608000,13.340000,13.770000,13.000000,13.570000,23227.633706,315198.989393
1714521600,13.130000,13.450000,12.420000,13.350000,49580.060196,661893.803618
1714435200,14.030000,14.170000,12.780000,13.130000,33004.489743,433348.950323
1714348800,13.840000,14.180000,13.720000,14.060000,16615.976895,233620.635141
1714262400,14.260000,14.400000,13.750000,13.810000,14382.829054,198626.869238
1714176000,14.460000,14.460000,13.870000,14.270000,27544.249723,393056.443553
1714089600,14.580000,14.900000,14.390000,14.470000,11150.965895,161354.476501
1714003200,14.530000,14.870000,14.390000,14.600000,19713.868373,287822.478248
1713916800,15.180000,15.620000,14.370000,14.530000,47384.718293,688499.956803
1713830400,15.460000,15.550000,15.110000,15.190000,21037.211151,319555.237380
1713744000,15.100000,16.030000,15.050000,15.460000,37378.794701,577876.166073
1713657600,14.940000,15.170000,14.560000,15.070000,26864.865898,404853.529080
1713571200,13.960000,15.040000,13.760000,14.950000,36704.539307,548732.862646
1713484800,13.880000,14.110000,12.770000,14.000000,49329.627489,690614.784851
1713398400,13.140000,13.960000,12.890000,13.920000,15959.278975,222153.163328
1713312000,13.440000,13.620000,12.740000,13.140000,23480.365010,308531.996237
1713225600,13.580000,13.790000,12.840000,13.520000,58626.950074,792636.364999
1713139200,14.070000,14.670000,13.240000,13.590000,163863.294774,2226902.175983
1713052800,13.270000,14.240000,12.730000,14.130000,248649.879980,3513422.804122
1712966400,15.140000,15.390000,11.960000,13.300000,332385.196089,4420723.107984
1712880000,17.550000,18.960000,13.680000,15.160000,208675.975146,3163527.783215
1712793600,17.380000,17.620000,17.010000,17.570000,34274.514058,602203.211993
1712707200,17.340000,17.570000,16.820000,17.390000,70699.079218,1229456.987605
1712620800,18.120000,18.170000,17.250000,17.360000,50142.691675,870477.127479
1712534400,17.900000,18.650000,17.620000,18.100000,47455.619377,858946.710722
1712448000,17.580000,17.950000,17.540000,17.930000,15173.837865,272066.912924
1712361600,17.280000,17.660000,17.280000,17.560000,6812.728596,119631.514147
1712275200,17.750000,17.760000,16.870000,17.370000,21059.500248,365803.519303
1712188800,17.660000,18.250000,17.420000,17.810000,23648.871028,421186.393008
1712102400,17.970000,18.250000,17.390000,17.690000,30652.613304,542244.729345
1712016000,18.360000,18.490000,17.400000,17.980000,69185.197041,1243949.842789
1711929600,19.170000,19.260000,17.860000,18.390000,58178.147090,1069896.124982
1711843200,18.960000,19.330000,18.940000,19.140000,9243.588773,176922.289123
1711756800,18.950000,19.290000,18.810000,18.940000,14212.589053,269186.436673
1711670400,19.140000,19.290000,18.750000,19.010000,35850.438015,681516.826663
1711584000,19.240000,19.790000,19.030000,19.150000,40115.577900,768213.316779
1711497600,20.020000,20.180000,18.980000,19.300000,37189.364652,717754.737778
1711411200,19.370000,20.740000,19.360000,20.020000,100845.304591,2018922.997916
1711324800,18.470000,19.500000,18.390000,19.400000,50012.436296,970241.264135
1711238400,18.080000,18.630000,18.010000,18.530000,16763.461138,310626.934887
1711152000,18.380000,18.460000,17.950000,18.050000,25490.709550,460107.307370
1711065600,18.420000,18.520000,17.340000,18.220000,33206.062970,605014.467315
1710979200,18.400000,18.900000,17.930000,18.430000,76082.657537,1402203.378409
1710892800,16.820000,18.510000,16.290000,18.420000,102313.543332,1884615.468174
1710806400,18.250000,18.460000,16.500000,16.850000,106386.153351,1792606.683968
1710720000,18.620000,19.470000,18.110000,18.290000,73050.766208,1336098.513945
1710633600,18.190000,18.820000,17.380000,18.660000,48641.436965,907649.213769
1710547200,19.650000,19.820000,17.810000,18.140000,64401.196824,1168237.710393
1710460800,20.870000,20.980000,18.470000,19.620000,251660.478937,4937578.596739
1710374400,20.760000,21.970000,19.870000,20.880000,136519.870440,2850534.894796
1710288000,20.740000,20.960000,20.240000,20.780000,48084.080359,999187.189865
1710201600,21.280000,21.350000,19.530000,20.690000,141057.611487,2918481.981660
1710115200,21.700000,22.850000,20.920000,21.270000,192622.925982,4097089.635631
1710028800,20.010000,21.990000,19.450000,21.700000,56434.974222,1224638.940623
1709942400,19.730000,20.320000,19.720000,20.030000,21610.004696,432848.394064
1709856000,20.160000,20.420000,19.260000,19.750000,84775.926828,1674324.554851
1709769600,20.120000,20.400000,19.620000,20.140000,61142.216353,1231404.237341
1709683200,19.010000,20.160000,18.420000,20.110000,84723.784920,1703795.314741
1709596800,20.440000,21.050000,16.880000,19.020000,278560.450324,5298219.765160
1709510400,20.500000,20.900000,19.850000,20.460000,91589.820518,1873927.727794
1709424000,21.410000,21.520000,19.550000,20.510000,62272.349158,1277205.881225
1709337600,20.060000,21.690000,20.040000,21.410000,88257.007435,1889582.529185
1709251200,19.320000,20.120000,19.290000,20.040000,45614.621030,914117.005447
1709164800,19.450000,20.460000,18.820000,19.290000,110805.681855,2137441.602986
1709078400,19.060000,20.790000,18.120000,19.440000,234580.151445,4560238.144096
1708992000,19.130000,19.370000,18.690000,19.040000,67998.220566,1294686.119571
1708905600,18.700000,19.280000,18.140000,19.120000,57844.435741,1105985.611376
1708819200,18.500000,18.830000,18.400000,18.720000,14693.846476,275068.806034
1708732800,17.970000,18.560000,17.770000,18.530000,45471.053869,842578.628198
1708646400,18.160000,18.250000,17.590000,17.940000,27525.308684,493804.037789
1708560000,18.570000,19.000000,18.130000,18.130000,65715.222634,1191416.986349
1708473600,19.260000,19.290000,18.030000,18.580000,51253.299756,952286.309464
1708387200,19.840000,19.880000,18.450000,19.310000,63045.404701,1217406.764779
1708300800,20.090000,20.200000,19.690000,19.820000,32411.169634,642389.382149
1708214400,20.020000,20.350000,19.810000,20.100000,21207.707059,426274.911892
1708128000,19.580000,20.280000,19.250000,20.040000,63498.976639,1272519.491841
1708041600,19.980000,20.310000,19.160000,19.570000,61278.644390,1199223.070716
1707955200,20.280000,20.530000,19.660000,19.950000,58152.715734,1160146.678887
1707868800,19.880000,20.420000,19.780000,20.270000,63201.868196,1281101.868327
1707782400,20.480000,20.590000,19.500000,19.880000,53076.905308,1055168.877528
1707696000,20.270000,20.840000,19.800000,20.480000,77859.305697,1594558.580684
1707609600,19.120000,20.680000,18.870000,20.150000,105708.571874,2130027.723267
1707523200,18.490000,19.130000,18.040000,19.080000,41435.632217,790591.862709
1707436800,18.280000,18.600000,18.050000,18.450000,41721.291084,769757.820503
1707350400,18.820000,19.270000,18.020000,18.230000,128292.255795,2338767.823141
1707264000,18.270000,19.050000,18.070000,18.840000,64130.625238,1208220.979493
1707177600,19.110000,19.300000,18.250000,18.300000,107256.459214,1962793.203608
1707091200,18.200000,19.760000,17.800000,19.140000,272810.286230,5221588.878435
1707004800,17.680000,18.690000,17.580000,18.180000,114978.602489,2090310.993257
1706918400,17.820000,18.140000,17.500000,17.590000,97398.726224,1713243.594288
1706832000,17.200000,18.860000,17.200000,17.820000,396864.847389,7072131.580468
1706745600,15.460000,17.380000,15.150000,17.190000,342320.701932,5884492.866214
1706659200,15.480000,16.040000,15.100000,15.410000,144572.629612,2227864.222322
1706572800,15.010000,15.800000,14.900000,15.470000,107619.988350,1664881.219769
1706486400,14.490000,15.080000,14.300000,15.010000,75138.502614,1127828.924239
1706400000,14.320000,14.690000,14.220000,14.530000,47515.949105,690406.740494
1706313600,14.180000,14.400000,14.100000,14.340000,15114.125348,216736.557492
1706227200,13.710000,14.280000,13.650000,14.200000,42471.583634,603096.487606
1706140800,14.190000,14.250000,13.510000,13.730000,41960.849875,576122.468787
1706054400,14.290000,14.420000,13.910000,14.250000,66264.483357,944268.887830
1705968000,14.650000,14.870000,13.570000,14.270000,173981.411611,2482714.743684
1705881600,15.400000,15.930000,14.480000,14.560000,116477.679962,1695915.020251
1705795200,15.760000,15.890000,15.380000,15.410000,31520.125009,485725.126384
1705708800,16.110000,16.530000,15.650000,15.740000,87971.906028,1384677.800880
1705622400,14.720000,16.380000,14.460000,16.050000,192689.611010,3092668.256703
1705536000,15.730000,15.730000,14.180000,14.650000,91828.982131,1345294.588226
1705449600,15.320000,16.370000,15.290000,15.730000,119470.618616,1879272.830827
1705363200,15.220000,15.340000,14.740000,15.260000,44320.220733,676326.568391
1705276800,14.830000,16.010000,14.800000,15.190000,118877.335489,1805746.726072
1705190400,14.340000,15.420000,14.270000,14.790000,118129.131356,1747129.852750
1705104000,14.210000,14.430000,13.790000,14.350000,22352.899575,320764.108896
1705017600,15.020000,15.300000,13.590000,14.150000,61063.064041,864042.356184
1704931200,15.090000,15.650000,14.610000,15.020000,80676.247493,1211757.237341
1704844800,13.740000,15.350000,13.580000,15.090000,174467.236992,2632710.606213
1704758400,14.240000,14.270000,13.160000,13.680000,127750.921783,1747632.609988
1704672000,13.140000,14.400000,12.550000,14.160000,89049.686376,1260943.559091
1704585600,13.420000,13.730000,13.030000,13.160000,23805.075579,313274.794622
1704499200,14.090000,14.100000,13.200000,13.430000,51625.092967,693324.998548
1704412800,14.580000,14.670000,13.740000,14.060000,99780.096066,1402908.150695
1704326400,14.190000,14.790000,13.980000,14.550000,43244.803665,629211.893327
1704240000,15.230000,15.570000,13.080000,14.140000,201935.711723,2855370.963769
1704153600,15.550000,16.070000,15.070000,15.160000,120291.235565,1823615.131172
1704067200,14.930000,15.590000,14.850000,15.530000,34452.214758,535042.895188
1703980800,15.190000,15.490000,14.800000,14.900000,18207.052807,271285.086828
1703894400,15.490000,15.630000,15.030000,15.200000,15894.483877,241596.154923
1703808000,16.020000,16.230000,15.130000,15.520000,96831.578535,1502826.098867
1703721600,16.750000,17.660000,15.990000,16.010000,85244.620178,1364766.369051
1703635200,15.100000,16.730000,14.660000,16.730000,177179.898986,2964219.710029
1703548800,15.600000,15.890000,14.340000,15.100000,72989.278919,1102138.111683
1703462400,15.300000,15.730000,15.150000,15.620000,27908.061949,435923.927644
1703376000,15.650000,15.940000,15.210000,15.310000,39993.469836,612300.023182
1703289600,15.440000,15.910000,14.950000,15.700000,92069.879192,1445497.103320
1703203200,15.300000,15.720000,15.070000,15.500000,60692.395522,940732.130583
1703116800,14.210000,15.870000,14.180000,15.290000,78825.405677,1205240.452795
1703030400,14.110000,14.800000,14.020000,14.240000,70841.758833,1008786.645781
1702944000,14.640000,14.780000,13.930000,14.110000,29748.550828,419752.052188
1702857600,14.030000,14.690000,13.630000,14.690000,58707.540801,862413.774370
1702771200,14.330000,14.370000,13.940000,14.030000,10897.131254,152886.751488
1702684800,14.290000,14.780000,14.100000,14.330000,16578.485723,237569.700406
1702598400,15.370000,15.400000,14.250000,14.280000,41858.168587,597734.647416
1702512000,14.790000,15.580000,14.280000,15.390000,69548.705891,1070354.583664
1702425600,14.460000,14.950000,13.860000,14.770000,76799.122063,1134323.032865
1702339200,14.760000,15.120000,14.190000,14.520000,50210.226874,729052.494214
1702252800,16.350000,16.430000,14.090000,14.780000,191127.172297,2824859.606544
1702166400,16.200000,16.440000,15.800000,16.360000,41236.538003,674629.761724
1702080000,16.930000,17.270000,16.050000,16.190000,160027.655806,2590847.747494
1701993600,15.750000,17.330000,15.580000,16.990000,166423.264308,2827531.260600
1701907200,15.300000,15.810000,14.690000,15.720000,83584.324876,1313945.587048
1701820800,15.730000,16.160000,15.270000,15.300000,99566.099066,1523361.315710
1701734400,15.790000,16.060000,15.220000,15.740000,45875.360371,722078.172244
1701648000,15.690000,16.420000,15.170000,15.810000,83363.370064,1317974.880707
1701561600,16.010000,16.290000,15.680000,15.720000,15511.399555,243839.200998
1701475200,15.010000,16.220000,14.950000,15.970000,43362.200365,692494.339833
1701388800,14.400000,15.030000,14.290000,15.020000,104290.146395,1566437.998851
1701302400,14.530000,14.810000,14.290000,14.410000,19467.897131,280532.397661
1701216000,14.530000,15.000000,14.420000,14.500000,38363.183589,556266.162044
1701129600,14.200000,14.690000,13.810000,14.540000,45179.434943,656908.984076
1701043200,14.800000,15.270000,13.880000,14.190000,27003.256476,383176.209396
1700956800,14.820000,15.300000,14.390000,14.800000,18368.540301,271854.396450
1700870400,14.500000,14.960000,14.440000,14.710000,29910.536285,439983.988747
1700784000,14.400000,14.840000,14.250000,14.490000,32451.827781,470226.984549
1700697600,14.220000,14.840000,14.150000,14.370000,51295.619625,737118.054014
1700611200,13.340000,14.620000,13.290000,14.200000,86440.456689,1227454.484978
1700524800,14.470000,14.630000,13.340000,13.370000,92898.922085,1242058.588273
1700438400,14.950000,15.410000,14.400000,14.430000,123882.727889,1787627.763435
1700352000,13.700000,15.100000,13.440000,14.900000,117224.037146,1746638.153480
1700265600,13.670000,13.810000,12.940000,13.770000,32227.650511,443774.747533
1700179200,13.910000,14.260000,12.880000,13.640000,150026.204575,2046357.430398
1700092800,15.060000,15.220000,13.570000,13.880000,94927.804380,1317597.924790
1700006400,13.990000,15.340000,13.990000,15.070000,69917.368201,1053654.738790
1699920000,14.350000,14.920000,13.440000,13.950000,163766.923914,2284548.588607
1699833600,16.050000,16.270000,14.330000,14.360000,89219.803022,1281196.371400
1699747200,16.490000,16.490000,15.430000,16.020000,87803.291003,1406608.721869
1699660800,15.520000,16.590000,14.770000,16.480000,161219.459487,2656896.692352
1699574400,14.550000,15.630000,14.150000,15.510000,176699.455599,2740608.556343
1699488000,14.960000,15.960000,13.350000,14.590000,329761.388762,4811218.662040
1699401600,13.090000,15.000000,12.860000,14.990000,148322.280887,2223350.990493
1699315200,12.890000,13.330000,12.550000,13.060000,91195.289877,1191010.485790
1699228800,12.230000,13.250000,12.160000,13.020000,165610.546348,2156249.313448
1699142400,11.500000,12.560000,11.380000,12.250000,89950.910416,1101898.652591
1699056000,11.460000,11.610000,11.180000,11.470000,23264.557741,266844.477294
1698969600,10.980000,11.580000,10.510000,11.450000,79780.524670,913487.007476
1698883200,11.670000,11.740000,10.860000,11.010000,90109.589472,992106.580091
1698796800,11.350000,11.770000,10.630000,11.640000,170593.143291,1985704.187913
1698710400,11.270000,12.550000,11.010000,11.370000,244637.740722,2781531.112007
1698624000,11.100000,11.840000,10.900000,11.250000,76948.879937,865674.899287
1698537600,10.930000,11.280000,10.780000,11.100000,49899.599715,553885.556838
1698451200,11.180000,11.680000,10.830000,10.930000,110851.780787,1211609.964006
1698364800,10.900000,11.420000,10.640000,11.200000,114891.700083,1286787.040931
1698278400,11.030000,11.360000,10.390000,10.900000,183701.182189,2002342.885858
1698192000,10.360000,11.780000,10.350000,11.010000,500226.380570,5507492.450074
1698105600,10.580000,11.130000,9.720000,10.460000,298461.492093,3121907.207292
1698019200,10.110000,11.030000,9.830000,10.580000,455598.133207,4820228.249328
1697932800,8.880000,10.230000,8.880000,10.190000,111635.560503,1137566.361522
1697846400,7.590000,9.160000,7.530000,8.900000,145025.523729,1290727.161186
1697760000,7.310000,7.670000,7.280000,7.590000,16123.650801,122378.509577
1697673600,7.350000,7.430000,7.230000,7.310000,42025.924109,307209.505235
1697587200,7.320000,7.470000,7.290000,7.360000,21347.312563,157116.220465
1697500800,7.530000,7.550000,7.280000,7.340000,31726.693284,232873.928701
1697414400,7.420000,7.820000,7.410000,7.530000,108982.847765,820640.843668
1697328000,7.330000,7.560000,7.300000,7.420000,28418.711580,210866.839926
1697241600,7.260000,7.350000,7.230000,7.320000,7892.305736,57771.677984
1697155200,7.200000,7.390000,7.130000,7.250000,22088.085776,160138.621874
1697068800,7.380000,7.400000,7.100000,7.200000,17884.708102,128769.898333
1696982400,7.270000,7.420000,7.120000,7.390000,20859.094408,154148.707672
1696896000,7.280000,7.370000,7.200000,7.290000,13052.400830,95152.002052
1696809600,7.660000,7.660000,7.180000,7.300000,45453.029243,331807.113475
1696723200,7.530000,7.940000,7.510000,7.720000,32276.475555,249174.391283
1696636800,7.650000,7.660000,7.480000,7.560000,11070.738837,83694.785611
1696550400,7.480000,7.750000,7.460000,7.670000,32211.801686,247064.518928
1696464000,7.660000,7.790000,7.490000,7.530000,49339.528606,371526.650404
1696377600,7.410000,7.740000,7.210000,7.680000,45109.643273,346442.060336
1696291200,7.460000,7.730000,7.390000,7.410000,40382.451732,299233.967333
1696204800,8.080000,8.100000,7.360000,7.470000,97006.656424,724639.723486
1696118400,8.180000,8.250000,7.780000,8.050000,91872.359657,739572.495236
1696032000,7.950000,8.510000,7.950000,8.160000,85211.935752,695329.395733
1695945600,7.830000,8.060000,7.680000,7.960000,33665.965653,267981.086599
1695859200,7.630000,8.040000,7.570000,7.810000,73444.048732,573598.020597
1695772800,7.350000,7.870000,7.280000,7.640000,102007.287626,779335.677459
1695686400,7.540000,7.560000,7.250000,7.370000,34850.242182,256846.284884
1695600000,6.980000,7.510000,6.950000,7.480000,42848.939682,320510.068824
1695513600,7.190000,7.230000,6.960000,6.970000,11407.631940,79511.194619
1695427200,6.990000,7.210000,6.950000,7.190000,50177.804290,360778.412845
1695340800,6.650000,6.960000,6.600000,6.960000,27163.938936,189061.014996
1695254400,6.890000,6.890000,6.620000,6.710000,34500.971244,231501.517045
1695168000,6.920000,7.030000,6.770000,6.920000,16221.929225,112255.750239
1695081600,6.580000,6.960000,6.520000,6.940000,38437.727329,266757.827667
1694995200,6.150000,6.820000,6.110000,6.540000,58994.425604,385823.543450
1694908800,6.250000,6.270000,6.060000,6.150000,18237.639921,112161.485516
1694822400,6.400000,6.420000,6.190000,6.270000,24266.788306,152152.762681
1694736000,6.220000,6.360000,6.110000,6.360000,4079.625372,25946.417368
1694649600,6.050000,6.200000,6.020000,6.150000,4855.244582,29859.754178
1694563200,5.970000,6.060000,5.940000,6.040000,11677.010568,70529.143831
1694476800,5.860000,6.050000,5.840000,5.960000,25082.516318,149491.797253
1694390400,5.960000,6.030000,5.740000,5.820000,27220.378622,158422.603579
1694304000,6.110000,6.120000,5.960000,6.030000,10998.711471,66322.230168
1694217600,6.270000,6.280000,6.170000,6.170000,5331.722017,32896.724846
1694131200,6.390000,6.390000,6.170000,6.280000,10361.205672,65068.371620
1694044800,6.320000,6.420000,6.210000,6.420000,10011.008115,64270.672100
1693958400,6.180000,6.320000,6.100000,6.260000,48976.967938,306595.819291
1693872000,5.950000,6.130000,5.910000,6.100000,12481.667786,76138.173494
1693785600,6.130000,6.150000,5.960000,5.960000,25911.736023,154433.946694
1693699200,6.030000,6.050000,5.980000,6.010000,15835.021780,95168.480900
1693612800,5.940000,5.990000,5.900000,5.950000,7626.668805,45378.679388
1693526400,5.900000,6.020000,5.830000,5.910000,29644.496013,175198.971436
1693440000,5.900000,6.050000,5.740000,5.870000,23541.615581,138189.283462
1693353600,6.180000,6.180000,5.920000,5.950000,23658.855754,140770.191738
1693267200,5.980000,6.310000,5.850000,6.180000,36950.550805,228354.403977
1693180800,5.970000,6.030000,5.850000,5.970000,10210.947519,60959.356689
1693094400,5.970000,6.030000,5.960000,6.020000,4728.462959,28465.347015
1693008000,5.990000,6.040000,5.970000,5.990000,6898.325781,41320.971430
1692921600,6.070000,6.070000,5.910000,6.010000,26810.637522,161131.931510
1692835200,6.340000,6.360000,5.990000,6.080000,13807.170291,83947.595367
1692748800,6.120000,6.420000,6.110000,6.350000,16909.117571,107372.896575
1692662400,6.180000,6.240000,5.870000,6.110000,33897.789081,207115.491282
1692576000,6.220000,6.250000,6.020000,6.170000,20326.411838,125413.961039
1692489600,6.180000,6.230000,6.120000,6.210000,7940.383100,49309.779051
1692403200,6.160000,6.260000,6.120000,6.180000,22424.091456,138580.885201
1692316800,6.190000,6.260000,6.080000,6.180000,15554.998398,96129.890100
1692230400,6.740000,6.850000,5.680000,6.200000,67195.483772,416611.999384
1692144000,7.030000,7.030000,6.600000,6.750000,25068.574702,169212.879238
1692057600,7.400000,7.420000,6.780000,7.050000,31853.323341,224565.929553
1691971200,7.360000,7.610000,7.310000,7.410000,24390.504368,180733.637368
1691884800,7.440000,7.540000,7.310000,7.350000,11918.357946,87599.930903
1691798400,7.470000,7.530000,7.390000,7.430000,18083.684465,134361.775577
1691712000,7.610000,7.630000,7.400000,7.490000,10490.918917,78576.982690
1691625600,7.680000,7.730000,7.560000,7.610000,24869.076030,189253.668589
1691539200,7.450000,7.890000,7.380000,7.720000,25375.210420,195896.624444
1691452800,7.310000,7.550000,7.280000,7.460000,49256.860604,367456.180106
1691366400,7.090000,7.380000,6.940000,7.320000,34549.826957,252904.733323
1691280000,7.220000,7.260000,7.080000,7.100000,14410.216079,102312.534163
1691193600,7.130000,7.230000,7.100000,7.220000,10538.589117,76088.613423
1691107200,7.110000,7.250000,7.010000,7.140000,17706.326559,126423.171635
1691020800,7.340000,7.400000,7.080000,7.120000,15364.197450,109393.085842
1690934400,7.640000,7.710000,7.330000,7.330000,15655.500418,114754.818067
1690848000,7.580000,7.640000,7.270000,7.640000,22514.252471,172008.888878
1690761600,7.560000,7.710000,7.450000,7.540000,36466.645012,274958.503394
1690675200,7.830000,7.850000,7.370000,7.560000,33442.424350,252824.728089
1690588800,7.750000,7.880000,7.730000,7.860000,28671.327526,225356.634351
1690502400,7.980000,8.060000,7.780000,7.780000,11361.097800,88389.340888
1690416000,7.760000,8.120000,7.720000,7.990000,39626.222870,316613.520732
1690329600,7.380000,7.830000,7.280000,7.750000,46698.840403,361916.013125
1690243200,7.570000,7.640000,7.350000,7.400000,17244.239428,127607.371767
1690156800,7.880000,7.880000,7.470000,7.610000,18889.253816,143747.221543
1690070400,7.870000,8.090000,7.820000,7.890000,9508.800099,75024.432785
1689984000,8.130000,8.360000,7.770000,7.870000,38280.754468,301269.537664
1689897600,8.360000,8.420000,8.060000,8.130000,25469.815493,207069.599957
1689811200,6.910000,8.450000,6.910000,8.350000,110100.765445,919341.391469
1689724800,6.910000,7.040000,6.780000,6.910000,33866.844681,234019.896748
1689638400,7.200000,7.300000,6.810000,6.930000,51503.731617,356920.860106
1689552000,6.590000,7.260000,6.460000,7.190000,42162.438622,303147.933689
1689465600,6.890000,6.900000,6.590000,6.610000,26193.533433,173139.255993
1689379200,6.910000,7.020000,6.840000,6.920000,21498.345420,148768.550304
1689292800,7.140000,7.330000,6.710000,6.960000,48089.149275,334700.478957
1689206400,6.270000,7.170000,6.220000,7.170000,122077.181373,875293.390445
1689120000,6.210000,6.330000,6.200000,6.250000,25906.770376,161917.314852
1689033600,6.160000,6.230000,6.130000,6.210000,13542.821424,84100.921045
1688947200,6.140000,6.300000,6.020000,6.160000,27751.646668,170950.143473
1688860800,6.200000,6.240000,6.130000,6.150000,5763.769298,35447.181183
1688774400,6.140000,6.210000,6.100000,6.190000,5908.905129,36576.122746
1688688000,6.090000,6.220000,6.030000,6.150000,9643.089960,59305.003255
1688601600,6.290000,6.510000,6.080000,6.090000,34440.530994,209742.833751
1688515200,6.530000,6.560000,6.220000,6.310000,25415.105922,160369.318371
1688428800,6.610000,6.610000,6.400000,6.520000,37283.603582,243089.095353
1688342400,6.540000,6.690000,6.480000,6.630000,26929.621494,178543.390504
1688256000,6.480000,6.560000,6.340000,6.530000,35758.522466,233503.151703
1688169600,6.330000,6.500000,6.120000,6.460000,36629.104457,236624.014790
1688083200,5.900000,6.410000,5.750000,6.310000,76874.847182,485080.285716
1687996800,5.820000,6.170000,5.790000,5.890000,31303.308921,184376.489544
1687910400,6.190000,6.190000,5.710000,5.810000,30473.921967,177053.486628
1687824000,6.060000,6.250000,6.050000,6.200000,38213.819622,236925.681657
1687737600,6.150000,6.260000,6.010000,6.060000,28922.259541,175268.892816
1687651200,6.140000,6.370000,6.070000,6.160000,22828.588367,140624.104343
1687564800,6.080000,6.190000,5.940000,6.130000,12972.663097,79522.424786
1687478400,5.570000,6.150000,5.550000,6.070000,69417.443992,421363.885032
1687392000,5.560000,5.820000,5.520000,5.570000,36753.165656,204715.132704
1687305600,5.260000,5.570000,5.250000,5.560000,35089.247004,195096.213340
1687219200,5.130000,5.280000,5.000000,5.260000,27159.251789,142857.664409
1687132800,5.150000,5.180000,4.980000,5.130000,17761.566112,91116.834155
1687046400,5.280000,5.300000,5.090000,5.160000,17219.929395,88854.835679
1686960000,5.310000,5.380000,5.220000,5.280000,27192.839193,143578.190939
1686873600,5.300000,5.380000,5.150000,5.320000,32660.855649,173755.752054
1686787200,5.270000,5.410000,5.160000,5.300000,70855.991705,375536.756038
1686700800,5.300000,5.500000,5.160000,5.250000,32068.660296,168360.466553
1686614400,5.150000,5.400000,5.120000,5.300000,23639.709485,125290.460272
1686528000,5.170000,5.190000,5.030000,5.160000,27282.133600,140775.809375
1686441600,5.230000,5.230000,5.100000,5.160000,15888.717269,81985.781106
1686355200,6.000000,6.000000,4.830000,5.240000,74877.290713,392357.003335
1686268800,5.990000,6.070000,5.930000,5.990000,12328.897179,73850.094103
1686182400,5.910000,6.030000,5.910000,5.990000,9746.974769,58384.378864
1686096000,6.240000,6.270000,5.850000,5.920000,17546.307813,103874.142254
1686009600,6.060000,6.310000,6.010000,6.250000,6776.878515,42355.490719
1685923200,6.450000,6.490000,5.970000,6.060000,24736.444474,149902.853515
1685836800,6.420000,6.530000,6.400000,6.450000,11010.751019,71019.344071
1685750400,6.460000,6.460000,6.370000,6.420000,8548.684452,54882.554181
1685664000,6.350000,6.480000,6.320000,6.460000,14323.083718,92527.120815
1685577600,6.490000,6.510000,6.330000,6.330000,17991.459335,113885.937588
1685491200,6.610000,6.630000,6.420000,6.480000,10908.583106,70687.618527
1685404800,6.650000,6.660000,6.540000,6.610000,16096.340661,106396.811768
1685318400,6.630000,6.670000,6.530000,6.660000,14089.357567,93835.121398
1685232000,6.430000,6.650000,6.430000,6.640000,16261.651445,107977.365594
1685145600,6.360000,6.440000,6.340000,6.440000,3875.846192,24960.449476
1685059200,6.270000,6.380000,6.240000,6.360000,14332.749570,91156.287263
1684972800,6.320000,6.340000,6.170000,6.280000,20731.095626,130191.280530
1684886400,6.500000,6.500000,6.220000,6.320000,34752.154101,219633.613921
1684800000,6.540000,6.630000,6.480000,6.510000,11468.870251,74662.345335
1684713600,6.420000,6.600000,6.340000,6.530000,14860.661424,97040.119098
1684627200,6.510000,6.540000,6.360000,6.430000,18535.767744,119184.986597
1684540800,6.510000,6.540000,6.480000,6.510000,4413.101555,28729.291121
1684454400,6.520000,6.550000,6.470000,6.510000,9946.931490,64754.524000
1684368000,6.760000,6.760000,6.440000,6.540000,38249.988259,250154.923217
1684281600,6.650000,6.800000,6.560000,6.760000,22512.579209,152185.035456
1684195200,6.640000,6.720000,6.560000,6.660000,20585.992325,137102.708884
1684108800,6.550000,6.710000,6.470000,6.640000,16130.875945,107109.016275
1684022400,6.490000,6.610000,6.450000,6.540000,6382.002345,41738.295336
1683936000,6.600000,6.630000,6.480000,6.500000,3013.999731,19590.998253
1683849600,6.360000,6.640000,6.230000,6.640000,23326.966924,154891.060375
1683763200,6.590000,6.590000,6.230000,6.370000,31307.474842,199428.614746
1683676800,6.520000,6.710000,6.300000,6.600000,26834.178644,177105.579052
1683590400,6.600000,6.630000,6.450000,6.520000,28741.736642,187396.122907
1683504000,6.910000,6.920000,6.410000,6.580000,75504.072013,496816.793843
1683417600,6.940000,6.990000,6.880000,6.910000,12958.730372,89544.826870
1683331200,7.240000,7.280000,6.890000,6.940000,46077.727550,319779.429194
1683244800,7.000000,7.280000,6.900000,7.230000,42984.560551,310778.372785
1683158400,7.130000,7.160000,6.970000,7.000000,22941.064129,160587.448900
1683072000,6.980000,7.150000,6.830000,7.120000,38235.662981,272237.920425
1682985600,6.900000,7.010000,6.810000,6.980000,38126.968197,266126.238015
1682899200,7.020000,7.080000,6.790000,6.900000,153842.508558,1061513.309049
1682812800,7.200000,7.300000,7.020000,7.020000,30672.497813,215320.934650
1682726400,7.040000,7.220000,7.000000,7.190000,23742.519862,170708.717809
1682640000,7.160000,7.190000,6.970000,7.050000,30665.253320,216190.035905
1682553600,7.000000,7.230000,6.990000,7.170000,25528.405684,183038.668754
1682467200,7.270000,7.500000,6.730000,7.000000,75309.236454,527164.655181
1682380800,7.070000,7.300000,6.960000,7.270000,28195.223718,204979.276433
1682294400,7.080000,7.260000,7.000000,7.070000,35714.131134,252498.907117
1682208000,7.170000,7.170000,6.880000,7.090000,33461.121038,237239.348159
1682121600,7.110000,7.230000,7.090000,7.180000,23325.158687,167474.639371
1682035200,7.510000,7.590000,7.010000,7.120000,57729.089930,411031.120301
1681948800,7.740000,7.970000,7.460000,7.500000,40373.998984,302804.992379
1681862400,8.560000,8.600000,7.640000,7.760000,112257.550723,871118.593609
1681776000,8.170000,8.790000,8.040000,8.580000,143871.841925,1234420.403718
1681689600,8.130000,8.300000,7.870000,8.150000,69986.980145,570393.888178
1681603200,8.020000,8.190000,7.920000,8.150000,65399.976469,533009.808226
1681516800,7.740000,8.090000,7.630000,8.010000,42711.939573,342122.635979
1681430400,7.470000,7.930000,7.470000,7.750000,77748.364850,602549.827584
1681344000,7.230000,7.550000,7.180000,7.470000,64167.126177,479328.432546
1681257600,7.320000,7.370000,7.110000,7.230000,18165.881451,131339.322890
1681171200,7.330000,7.450000,7.290000,7.310000,31437.028709,229804.679860
1681084800,7.210000,7.370000,7.140000,7.350000,38256.573254,281185.813415
1680998400,7.140000,7.260000,7.060000,7.210000,29322.828665,211417.594671
1680912000,7.270000,7.290000,7.090000,7.150000,16093.696413,115069.929351
1680825600,7.200000,7.310000,7.120000,7.280000,17475.290679,127220.116142
1680739200,7.330000,7.340000,7.120000,7.200000,28752.392058,207017.222819
1680652800,7.370000,7.610000,7.220000,7.330000,49515.244740,362946.743945
1680566400,7.250000,7.470000,7.220000,7.390000,51983.218754,384155.986589
1680480000,7.260000,7.430000,7.030000,7.240000,79929.213400,578687.505017
1680393600,7.550000,7.550000,7.190000,7.260000,31512.121841,228778.004567
1680307200,7.590000,7.630000,7.440000,7.550000,10805.591028,81582.212262
1680220800,7.250000,7.670000,7.240000,7.600000,74049.572350,562776.749859
1680134400,7.390000,7.550000,7.140000,7.240000,57237.137780,414396.877528
1680048000,6.960000,7.490000,6.940000,7.390000,78894.983150,583033.925478
1679961600,6.880000,7.030000,6.760000,6.950000,102296.685772,710961.966117
1679875200,7.270000,7.270000,6.760000,6.890000,50272.186607,346375.365724
1679788800,7.090000,7.290000,7.070000,7.260000,17539.823127,127339.115905
1679702400,7.200000,7.250000,6.980000,7.090000,43009.905063,304940.226897
1679616000,7.630000,7.660000,7.130000,7.200000,53696.877117,386617.515241
1679529600,7.190000,7.650000,7.110000,7.630000,57664.609536,439980.970762
1679443200,7.400000,7.720000,7.030000,7.200000,68903.395122,496104.444879
1679356800,7.060000,7.470000,6.870000,7.420000,115709.964411,858567.935926
1679270400,7.120000,7.450000,6.940000,7.060000,130662.441433,922476.836519
1679184000,6.940000,7.300000,6.940000,7.100000,49153.808644,348992.041375
1679097600,7.230000,7.320000,6.860000,6.940000,105706.265867,733601.485119
1679011200,6.670000,7.270000,6.620000,7.230000,179125.610324,1295078.162643
1678924800,6.560000,6.690000,6.470000,6.680000,31515.907445,210526.261731
1678838400,6.960000,7.140000,6.400000,6.570000,73657.870815,483932.211256
1678752000,6.790000,7.220000,6.660000,6.980000,101247.423746,706707.017744
1678665600,6.610000,6.920000,6.430000,6.790000,99269.088916,674037.113738
1678579200,6.190000,6.610000,6.130000,6.600000,49251.888390,325062.463374
1678492800,6.250000,6.450000,5.970000,6.210000,167923.878130,1042807.283187
1678406400,6.160000,6.280000,5.900000,6.230000,77877.371447,485176.024114
1678320000,6.570000,6.680000,6.010000,6.160000,72561.559743,446979.208018
1678233600,6.880000,6.940000,6.500000,6.580000,60231.977596,396326.412584
1678147200,6.860000,6.970000,6.660000,6.880000,63246.373724,435135.051221
1678060800,6.960000,6.980000,6.830000,6.860000,58497.264113,401291.231818
1677974400,6.860000,7.020000,6.810000,6.950000,56918.652117,395584.632211
1677888000,6.960000,7.010000,6.710000,6.860000,39104.674407,268258.066431
1677801600,7.280000,7.280000,6.670000,6.960000,59618.060840,414941.703445
1677715200,7.530000,7.570000,7.170000,7.270000,51002.851762,370790.732312
1677628800,7.190000,7.540000,7.160000,7.540000,32073.732704,241835.944591
1677542400,7.280000,7.420000,7.100000,7.190000,33849.896102,243380.752976
1677456000,7.480000,7.500000,7.140000,7.280000,36123.856874,262981.678041
1677369600,7.350000,7.540000,7.300000,7.490000,22223.719536,166455.659327
1677283200,7.470000,7.480000,7.180000,7.390000,16592.702452,122620.071120
1677196800,7.940000,8.140000,7.250000,7.440000,66356.177759,493689.962526
1677110400,7.730000,8.200000,7.680000,7.950000,97161.006381,772430.000728
1677024000,7.630000,7.730000,7.300000,7.700000,81219.940197,625393.539520
1676937600,8.020000,8.060000,7.530000,7.640000,39144.489465,299063.899516
1676851200,8.050000,8.400000,7.730000,8.010000,85478.853870,684685.619499
1676764800,7.960000,8.280000,7.810000,8.010000,56109.672213,449438.474426
1676678400,7.680000,8.250000,7.520000,8.010000,68897.986540,551872.872188
1676592000,7.020000,7.700000,6.970000,7.660000,37494.611381,287208.723182
1676505600,7.290000,7.480000,6.990000,7.030000,39518.386042,277814.253875
1676419200,6.820000,7.300000,6.750000,7.290000,59699.333087,435208.138208
1676332800,6.680000,6.830000,6.540000,6.810000,42483.241400,289310.873936
1676246400,6.770000,6.840000,6.430000,6.670000,56531.334226,377063.999286
1676160000,7.000000,7.080000,6.710000,6.820000,22630.106615,154337.327116
1676073600,6.890000,7.030000,6.880000,7.020000,16132.342100,113249.041542
1675987200,6.980000,7.090000,6.780000,6.910000,40646.060960,280864.281232
1675900800,7.140000,7.800000,6.840000,6.980000,255840.010556,1785763.273681
1675814400,7.210000,7.280000,6.960000,7.130000,21308.298801,151928.170454
1675728000,6.840000,7.210000,6.840000,7.200000,35603.245764,256343.369502
1675641600,6.980000,7.050000,6.780000,6.810000,106629.625441,726147.749256
1675555200,7.240000,7.240000,6.880000,6.990000,178464.731295,1247468.471752
1675468800,7.300000,7.350000,7.130000,7.240000,37555.718242,271903.400073
1675382400,7.110000,7.330000,7.030000,7.300000,207720.218611,1516357.595858
1675296000,7.250000,7.490000,7.040000,7.100000,227811.352729,1617460.604379
1675209600,6.960000,7.270000,6.680000,7.210000,312731.603387,2254794.860420
1675123200,6.910000,7.070000,6.860000,6.950000,144713.814865,1005761.013315
1675036800,7.370000,7.430000,6.750000,6.920000,118499.827270,820018.804709
1674950400,7.200000,7.510000,7.150000,7.380000,54487.711928,402119.314029
1674864000,7.390000,7.510000,7.130000,7.220000,29599.422830,213707.832835
1674777600,7.190000,7.490000,6.940000,7.380000,100485.776403,741585.029858
1674691200,6.970000,7.310000,6.840000,7.170000,84886.827160,608638.550737
1674604800,6.660000,7.090000,6.520000,6.970000,76964.489440,536442.491397
1674518400,7.010000,7.190000,6.560000,6.670000,83198.897220,554936.644459
1674432000,6.980000,7.220000,6.860000,7.030000,89319.692240,627917.436448
1674345600,6.850000,7.260000,6.800000,6.990000,199082.416939,1391586.094407
1674259200,6.950000,7.100000,6.820000,6.860000,182909.095667,1254756.396277
1674172800,6.500000,6.960000,6.420000,6.950000,130419.952121,906418.667244
1674086400,6.340000,6.540000,6.320000,6.530000,136331.515002,890244.792964
1674000000,6.820000,6.980000,6.260000,6.340000,309394.603879,1961561.788596
1673913600,6.670000,6.990000,6.550000,6.810000,337258.920898,2296733.251317
1673827200,6.700000,6.940000,6.420000,6.670000,518821.997053,3460542.720342
1673740800,6.860000,6.930000,6.610000,6.700000,244233.349844,1636363.443952
1673654400,6.600000,7.100000,6.460000,6.860000,618448.069520,4242553.756910
1673568000,6.390000,6.610000,6.260000,6.600000,246406.894785,1626285.505583
1673481600,6.290000,6.420000,6.060000,6.380000,317564.296406,2026060.211070
1673395200,6.160000,6.300000,6.010000,6.280000,176430.210989,1107981.725010
1673308800,6.070000,6.300000,5.980000,6.160000,182835.573561,1126267.133138
1673222400,5.970000,6.250000,5.940000,6.070000,335257.532577,2035013.222745
1673136000,5.840000,5.970000,5.760000,5.970000,140442.863550,838443.895393
1673049600,5.710000,5.840000,5.700000,5.830000,103363.219562,602607.570047
1672963200,5.650000,5.720000,5.520000,5.710000,180842.848894,1032612.667184
1672876800,5.810000,5.810000,5.610000,5.650000,178101.696460,1006274.585000
1672790400,5.620000,5.850000,5.620000,5.810000,164190.992521,953949.666546
1672704000,5.690000,5.710000,5.570000,5.620000,93637.477756,526242.624991
1672617600,5.630000,5.750000,5.550000,5.680000,105923.122807,601643.337544
1672531200,5.570000,5.630000,5.510000,5.620000,36236.167455,203647.261097
1672444800,5.470000,5.620000,5.400000,5.560000,65503.660638,364200.353145
1672358400,5.600000,5.640000,5.420000,5.470000,94218.562517,515375.536969
1672272000,5.670000,5.710000,5.510000,5.590000,98287.136252,549425.091649
1672185600,5.900000,5.900000,5.630000,5.670000,132941.544927,753778.559739
1672099200,6.060000,6.060000,5.850000,5.900000,53416.804321,315159.145492
1672012800,6.000000,6.040000,5.950000,6.040000,58851.202347,355461.262177
1671926400,5.910000,5.990000,5.890000,5.990000,41623.338878,249323.799877
1671840000,5.940000,5.960000,5.880000,5.920000,28012.243344,165832.480599
1671753600,6.020000,6.050000,5.930000,5.940000,69024.804699,410007.339914
1671667200,5.990000,6.040000,5.870000,6.000000,70468.954668,422813.728009
1671580800,6.040000,6.040000,5.890000,5.980000,140555.232254,840520.288881
1671494400,5.790000,6.110000,5.760000,6.020000,185616.461595,1117411.098802
1671408000,5.950000,6.060000,5.700000,5.780000,236036.062464,1364288.441044
1671321600,6.060000,6.060000,5.920000,5.940000,79845.406143,474281.712488
1671235200,5.880000,6.070000,5.790000,6.030000,204440.077028,1232773.664479
1671148800,6.450000,6.540000,5.800000,5.910000,183987.435275,1087365.742474
1671062400,6.710000,6.730000,6.400000,6.450000,188522.345438,1215969.128073
1670976000,6.930000,6.950000,6.680000,6.720000,253637.833467,1704446.240900
1670889600,6.710000,7.050000,6.480000,6.930000,286273.208516,1983873.335018
1670803200,6.690000,6.720000,6.470000,6.690000,70319.063527,470434.534997
1670716800,6.860000,6.950000,6.650000,6.700000,71393.454832,478336.147378
1670630400,6.860000,6.910000,6.700000,6.860000,35559.431225,243937.698206
1670544000,7.000000,7.050000,6.800000,6.860000,37530.818875,257461.417484
1670457600,6.870000,7.060000,6.780000,7.010000,65397.143169,458433.973612
1670371200,7.120000,7.120000,6.770000,6.880000,90572.330777,623137.635748
1670284800,7.300000,7.320000,6.960000,7.140000,49661.371746,354582.194263
1670198400,7.430000,7.590000,7.170000,7.270000,85031.491367,618178.942237
1670112000,7.230000,7.460000,7.200000,7.450000,109804.989083,818047.168668
1670025600,7.590000,7.620000,7.220000,7.240000,36861.987198,266880.787313
1669939200,7.680000,7.710000,7.490000,7.580000,112121.877017,849883.827790
1669852800,7.710000,7.810000,7.460000,7.680000,314201.004748,2413063.716465
1669766400,7.320000,7.760000,7.300000,7.680000,168860.714473,1296850.287154
1669680000,7.190000,7.500000,7.140000,7.310000,124686.071472,911455.182459
1669593600,6.900000,7.330000,6.540000,7.190000,128974.287012,927325.123617
1669507200,7.150000,7.270000,6.870000,6.900000,52198.503786,360169.676121
1669420800,6.830000,7.270000,6.830000,7.140000,75381.887329,538226.675527
1669334400,6.820000,6.940000,6.660000,6.840000,71869.897700,491590.100265
1669248000,6.650000,6.950000,6.580000,6.810000,60102.380783,409297.213130
1669161600,6.400000,6.790000,6.340000,6.700000,55444.305989,371476.850126
1669075200,5.860000,6.450000,5.830000,6.390000,134687.730471,860654.597710
1668988800,5.770000,5.870000,5.540000,5.870000,120679.730469,708390.017851
1668902400,6.140000,6.230000,5.720000,5.760000,114297.152496,658351.598379
1668816000,6.180000,6.210000,6.000000,6.140000,69007.104447,423703.621305
1668729600,6.230000,6.400000,6.070000,6.180000,80969.996979,500394.581327
1668643200,6.210000,6.320000,6.030000,6.230000,72402.542827,451067.841814
1668556800,6.390000,6.530000,6.090000,6.180000,80493.136595,497447.584155
1668470400,6.260000,6.650000,6.260000,6.410000,57687.801498,369778.807604
1668384000,6.060000,6.390000,5.690000,6.250000,155639.095450,972744.346563
1668297600,6.260000,6.510000,5.960000,6.060000,53587.146037,324738.104985
1668211200,7.030000,7.030000,6.210000,6.220000,107489.208944,668582.879633
1668124800,7.230000,7.290000,6.540000,7.000000,126271.458579,883900.210056
1668038400,6.200000,7.470000,6.130000,7.200000,262030.715020,1886621.148147
1667952000,7.700000,7.850000,5.780000,6.200000,496808.010890,3080209.667519
1667865600,8.940000,9.450000,6.620000,7.670000,2177244.821618,16699467.781806
1667779200,8.090000,9.240000,7.910000,8.950000,360958.983709,3230582.904193
1667692800,8.670000,8.760000,8.100000,8.120000,280274.867355,2275831.922921
1667606400,8.720000,9.000000,8.580000,8.660000,542698.488280,4699768.908506
1667520000,7.690000,8.890000,7.680000,8.720000,703366.203777,6133353.296938
1667433600,7.420000,8.010000,7.400000,7.710000,358225.222916,2761916.468680
1667347200,7.680000,7.990000,7.350000,7.430000,319653.503455,2375025.530669
1667260800,7.880000,7.910000,7.630000,7.690000,81136.209961,623937.454601
1667174400,7.790000,8.320000,7.670000,7.860000,192355.803673,1511916.616869
1667088000,7.650000,7.910000,7.510000,7.790000,158118.274405,1231741.357615
1667001600,7.110000,7.650000,7.090000,7.630000,170571.713901,1301462.177065
1666915200,6.900000,7.200000,6.820000,7.120000,94721.170754,674414.735765
1666828800,7.160000,7.350000,6.870000,6.900000,94123.392412,649451.407646
1666742400,7.070000,7.280000,7.050000,7.160000,148864.253699,1065868.056484
1666656000,6.910000,7.270000,6.820000,7.050000,129077.065758,909993.313596
1666569600,7.080000,7.080000,6.800000,6.910000,72477.104043,500816.788938
1666483200,6.870000,7.070000,6.800000,7.070000,55667.210518,393567.178361
1666396800,6.800000,6.910000,6.740000,6.870000,39349.714265,270332.536999
1666310400,6.640000,6.850000,6.450000,6.810000,82209.603840,559847.402150
1666224000,6.780000,6.900000,6.630000,6.660000,64494.941461,429536.310127
1666137600,7.130000,7.130000,6.750000,6.770000,61730.450367,417915.148982
1666051200,7.320000,7.360000,6.970000,7.120000,85844.381494,611211.996238
1665964800,7.170000,7.360000,7.080000,7.330000,54438.455097,399033.875864
1665878400,6.880000,7.220000,6.880000,7.190000,58120.328426,417885.161386
1665792000,6.890000,6.970000,6.840000,6.880000,44290.144276,304716.192619
1665705600,7.030000,7.240000,6.820000,6.880000,92038.626397,633225.749612
1665619200,7.140000,7.150000,6.320000,7.030000,249757.706127,1755796.674072
1665532800,7.120000,7.270000,7.100000,7.150000,74129.393823,530025.165831
1665446400,7.320000,7.360000,7.090000,7.120000,179438.108008,1277599.329020
1665360000,7.630000,7.710000,7.340000,7.340000,112503.601683,825776.436355
1665273600,7.470000,7.660000,7.430000,7.630000,36479.184019,278336.174068
1665187200,7.600000,7.650000,7.360000,7.450000,29305.398392,218325.218017
1665100800,7.640000,7.800000,7.490000,7.610000,62342.051028,474423.008319
1665014400,7.900000,7.930000,7.630000,7.630000,55892.068134,426456.479865
1664928000,7.750000,7.940000,7.610000,7.870000,105497.914550,830268.587506
1664841600,7.350000,7.820000,7.350000,7.780000,86598.136941,673733.505397
1664755200,7.090000,7.350000,7.020000,7.330000,71824.125789,526470.842030
1664668800,7.420000,7.540000,7.100000,7.120000,53665.852240,382100.867947
1664582400,7.570000,7.640000,7.320000,7.390000,44877.173538,331642.312447
1664496000,7.910000,7.910000,7.500000,7.590000,91476.856705,694309.342387
1664409600,7.790000,7.930000,7.580000,7.910000,156603.131509,1238730.770234
1664323200,8.060000,8.520000,7.770000,7.790000,592398.166925,4614781.720348
1664236800,7.950000,8.390000,7.660000,8.060000,421827.805821,3399932.114916
1664150400,7.880000,7.940000,7.470000,7.940000,409291.952394,3249778.102005
1664064000,7.630000,8.050000,7.580000,7.870000,193542.425683,1523178.890126
1663977600,7.460000,7.860000,7.380000,7.640000,211324.493429,1614519.129800
1663891200,7.120000,7.480000,6.970000,7.450000,423686.271078,3156462.719531
1663804800,6.690000,7.160000,6.650000,7.120000,134820.722076,959923.541183
1663718400,6.850000,7.310000,6.560000,6.720000,39779.675104,267319.416701
1663632000,7.290000,7.320000,6.820000,6.870000,46252.679917,317755.911031
1663545600,7.550000,7.660000,7.010000,7.320000,112036.565631,820107.660418
1663459200,8.070000,8.130000,7.360000,7.480000,82145.839265,614450.877699
1663372800,7.650000,8.130000,7.650000,8.100000,32289.271042,261543.095444
1663286400,7.570000,7.780000,7.430000,7.640000,35866.822912,274022.527045
1663200000,7.470000,7.590000,7.020000,7.580000,156689.234942,1187704.400857
1663113600,7.020000,7.510000,7.000000,7.470000,90558.456867,676471.672795
1663027200,7.760000,7.960000,7.050000,7.070000,66564.486705,470610.921007
1662940800,8.030000,8.290000,7.630000,7.740000,53426.456323,413520.771943
1662854400,7.940000,8.150000,7.750000,8.020000,66829.013123,535968.685249
1662768000,7.740000,8.020000,7.630000,7.900000,28111.170470,222078.246713
1662681600,7.410000,8.090000,7.400000,7.760000,62120.195327,482052.715734
1662595200,7.100000,7.500000,7.020000,7.410000,50140.777343,371543.160112
1662508800,6.660000,7.140000,6.600000,7.090000,41754.033069,296036.094462
1662422400,7.370000,7.550000,6.590000,6.660000,67507.793495,449601.904679
1662336000,7.210000,7.400000,7.120000,7.400000,21891.021128,161993.556350
1662249600,6.860000,7.230000,6.810000,7.150000,58738.190930,419978.065151
1662163200,6.900000,6.960000,6.740000,6.850000,12865.626887,88129.544178
1662076800,6.890000,7.200000,6.800000,6.910000,55904.865652,386302.621658
1661990400,6.660000,6.970000,6.450000,6.910000,125858.184869,869680.057445
1661904000,6.570000,6.890000,6.550000,6.630000,37993.674641,251898.062868
1661817600,6.710000,6.810000,6.390000,6.580000,50874.679151,334755.388815
1661731200,6.230000,6.710000,6.200000,6.700000,55549.823176,372183.815278
1661644800,6.520000,6.590000,6.240000,6.240000,40548.284336,253021.294256
1661558400,6.510000,6.610000,6.440000,6.550000,22051.981942,144440.481723
1661472000,7.100000,7.180000,6.410000,6.480000,88152.575307,571228.687990
1661385600,7.140000,7.390000,7.020000,7.130000,38585.109096,275111.827857
1661299200,7.160000,7.370000,7.020000,7.130000,53279.396537,379882.097311
1661212800,7.050000,7.350000,6.800000,7.240000,81059.495486,586870.747319
1661126400,7.060000,7.060000,6.690000,7.040000,37504.658551,264032.796201
1661040000,6.890000,7.170000,6.890000,7.090000,65075.427309,461384.779620
1660953600,6.960000,7.200000,6.670000,6.900000,97192.627692,670629.131075
1660867200,7.630000,7.690000,6.840000,6.910000,138028.940855,953779.981310
1660780800,8.060000,8.230000,7.620000,7.650000,101531.515293,776716.091989
1660694400,8.440000,8.740000,7.990000,8.060000,115791.065057,933275.984358
1660608000,8.650000,8.820000,8.380000,8.460000,91859.063641,777127.678403
1660521600,8.740000,9.050000,8.500000,8.670000,81812.258160,709312.278245
1660435200,9.140000,9.360000,8.690000,8.780000,76351.903673,670369.714251
1660348800,9.340000,9.450000,9.060000,9.150000,57217.877963,523543.583361
1660262400,8.930000,9.450000,8.820000,9.320000,97322.543629,907046.106618
1660176000,9.100000,9.210000,8.850000,8.960000,140586.078732,1259651.265439
1660089600,8.660000,9.300000,8.310000,9.060000,160038.546746,1449949.233521
1660003200,8.580000,8.940000,8.270000,8.750000,123014.723879,1076378.833942
1659916800,8.300000,8.780000,8.240000,8.630000,115990.657602,1000999.375104
1659830400,7.780000,8.370000,7.690000,8.370000,93302.529570,780942.172504
1659744000,7.870000,8.090000,7.740000,7.800000,21532.733370,167955.320285
1659657600,7.370000,7.890000,7.360000,7.880000,72654.989385,572521.316352
1659571200,7.280000,7.520000,7.180000,7.360000,36117.573841,265825.343469
1659484800,7.180000,7.630000,7.070000,7.280000,44093.185274,320998.388796
1659398400,7.570000,7.630000,7.030000,7.180000,60762.364796,436273.779237
1659312000,7.650000,7.870000,7.420000,7.590000,35274.718746,267735.115284
1659225600,7.790000,8.060000,7.600000,7.660000,45533.138141,348783.838163
1659139200,7.930000,8.200000,7.690000,7.810000,81518.214275,636657.253488
1659052800,7.250000,8.110000,7.110000,7.910000,132850.907595,1050850.679077
1658966400,6.870000,7.300000,6.690000,7.230000,84848.470507,613454.441765
1658880000,6.340000,6.840000,6.200000,6.830000,38240.591717,261183.241426
1658793600,6.390000,6.440000,6.090000,6.350000,63075.788784,400531.258778
1658707200,7.100000,7.130000,6.440000,6.440000,221024.553660,1423398.125572
1658620800,6.910000,7.240000,6.850000,7.090000,179792.209578,1274726.765906
1658534400,6.780000,7.020000,6.620000,6.840000,27459.293034,187821.564354
1658448000,6.990000,7.270000,6.750000,6.770000,91604.417660,620161.907559
1658361600,6.880000,7.050000,6.690000,6.990000,58838.763122,411282.954221
1658275200,7.220000,7.570000,6.840000,6.910000,139276.658994,962401.713647
1658188800,6.980000,7.360000,6.740000,7.230000,156627.807522,1132419.048386
1658102400,6.340000,7.130000,6.340000,7.080000,127544.707087,903016.526177
1658016000,6.600000,6.700000,6.330000,6.340000,63250.484654,401008.072704
1657929600,6.320000,6.630000,6.140000,6.580000,118687.012314,780960.541026
1657843200,6.270000,6.430000,6.120000,6.330000,71665.065851,453639.866838
1657756800,6.200000,6.370000,6.000000,6.270000,48291.596948,302788.312863
1657670400,5.960000,6.180000,5.710000,6.180000,32625.162033,201623.501365
1657584000,6.060000,6.220000,5.920000,5.920000,42104.523492,249258.779072
1657497600,6.190000,6.420000,5.980000,6.030000,80140.121144,483244.930495
1657411200,6.450000,6.450000,6.110000,6.210000,61630.501019,382725.411326
1657324800,6.380000,6.560000,6.380000,6.490000,70228.296849,455781.646549
1657238400,6.600000,6.810000,6.310000,6.350000,158685.541159,1007653.186363
1657152000,6.370000,6.750000,6.320000,6.650000,181674.852221,1208137.767271
1657065600,6.340000,6.400000,6.180000,6.330000,67613.736384,427994.951311
1656979200,6.400000,6.530000,6.060000,6.310000,68641.990494,433130.960019
1656892800,6.220000,6.440000,6.020000,6.440000,49464.482092,318551.264675
1656806400,6.210000,6.230000,6.010000,6.200000,33937.563187,210412.891761
1656720000,6.080000,6.270000,5.990000,6.230000,45249.928993,281907.057625
1656633600,6.210000,6.410000,5.930000,6.020000,52840.267481,318098.410237
1656547200,6.200000,6.310000,5.890000,6.250000,71130.571047,444566.069041
1656460800,6.300000,6.470000,6.140000,6.190000,62053.538037,384111.400450
1656374400,6.550000,7.200000,6.270000,6.310000,238024.265558,1501933.115671
1656288000,6.690000,6.990000,6.410000,6.560000,87354.385226,573044.767080
1656201600,7.270000,7.480000,6.690000,6.690000,70348.784222,470633.366446
1656115200,7.250000,7.350000,6.780000,7.290000,91757.068004,668909.025748
1656028800,7.000000,7.420000,6.950000,7.340000,151297.257455,1110521.869720
1655942400,6.610000,7.070000,6.610000,7.000000,119144.353521,834010.474647
1655856000,6.850000,7.010000,6.480000,6.640000,206433.759227,1370720.161267
1655769600,6.960000,7.550000,6.750000,6.830000,201084.042829,1373404.012523
1655683200,6.640000,7.260000,6.310000,6.980000,120200.051019,838996.356111
1655596800,5.930000,6.790000,5.820000,6.580000,99561.124044,655112.196208
1655510400,6.360000,6.440000,5.440000,5.930000,273909.973262,1624286.141443
1655424000,6.290000,6.700000,6.270000,6.390000,73161.342864,467500.980899
1655337600,7.310000,7.470000,6.220000,6.340000,207363.621752,1314685.361908
1655251200,6.720000,7.360000,5.830000,7.310000,366452.411085,2678767.125034
1655164800,5.890000,6.830000,5.390000,6.750000,406048.330149,2740826.228506
1655078400,6.270000,6.280000,5.300000,5.920000,304975.098090,1805452.580693
1654992000,7.030000,7.120000,6.270000,6.270000,140406.622143,880349.520836
1654905600,8.080000,8.380000,6.940000,7.000000,82506.299178,577544.094248
1654819200,9.280000,9.500000,8.000000,8.020000,212192.165740,1701781.169237
1654732800,8.710000,9.620000,8.490000,9.260000,333076.238652,3084285.969921
1654646400,8.720000,8.950000,8.240000,8.690000,328678.881838,2856219.483169
1654560000,7.970000,8.970000,7.320000,8.700000,357625.340940,3111340.466179
1654473600,7.650000,8.180000,7.650000,7.950000,141019.834780,1121107.686500
1654387200,7.420000,7.870000,7.250000,7.630000,88273.614892,673527.681626
1654300800,6.850000,7.410000,6.690000,7.400000,99249.395314,734445.525321
1654214400,7.170000,7.200000,6.690000,6.830000,116780.058306,797607.798228
1654128000,6.900000,7.230000,6.810000,7.200000,94034.613608,677049.217976
1654041600,7.540000,7.750000,6.760000,6.920000,204441.935970,1414738.196910
1653955200,7.450000,7.720000,7.170000,7.630000,188473.454051,1438052.454407
1653868800,6.730000,7.510000,6.660000,7.460000,248701.553693,1855313.590551
1653782400,6.560000,6.720000,6.340000,6.700000,132810.476933,889830.195449
1653696000,6.300000,6.640000,6.210000,6.560000,105337.666818,691015.094323
1653609600,6.610000,6.690000,6.220000,6.270000,163852.186635,1027353.210204
1653523200,6.940000,7.070000,6.240000,6.560000,214721.287538,1408571.646249
1653436800,7.260000,7.370000,6.940000,6.940000,112130.672973,778186.870429
1653350400,7.020000,7.290000,6.740000,7.230000,155177.901137,1121936.225218
1653264000,7.300000,7.660000,6.980000,7.000000,155252.988172,1086770.917202
1653177600,7.070000,7.390000,6.920000,7.390000,85427.427600,631308.689967
1653091200,6.830000,7.090000,6.760000,7.040000,49116.314895,345778.856858
1653004800,7.180000,7.330000,6.750000,6.870000,128224.670018,880903.483022
1652918400,6.810000,7.250000,6.640000,7.220000,191828.099992,1384998.881944
1652832000,7.720000,7.790000,6.800000,6.800000,103679.193956,705018.518900
1652745600,7.400000,7.950000,7.300000,7.710000,155506.241146,1198953.119236
1652659200,7.870000,7.880000,7.170000,7.410000,220276.516071,1632248.984084
1652572800,7.260000,7.960000,7.010000,7.960000,114352.088520,910242.624618
1652486400,7.140000,7.420000,6.640000,7.290000,135912.392945,990801.344571
1652400000,6.570000,7.700000,6.470000,7.130000,287535.686056,2050129.441576
1652313600,6.900000,7.400000,5.280000,6.580000,454076.348178,2987822.371013
1652227200,8.610000,8.830000,6.540000,6.870000,549308.844689,3773751.763015
1652140800,8.100000,9.300000,7.900000,8.560000,314187.406209,2689444.197149
1652054400,10.020000,10.140000,8.010000,8.110000,234506.082974,1901844.332918
1651968000,10.220000,10.350000,9.850000,9.980000,130772.683812,1305111.384442
1651881600,10.790000,10.830000,9.980000,10.220000,165512.614964,1691538.924927
1651795200,10.900000,11.020000,10.400000,10.810000,115097.251164,1244201.285079
1651708800,12.250000,12.280000,10.660000,10.920000,96267.385894,1051239.853964
1651622400,11.110000,12.190000,11.100000,12.180000,151484.516913,1845081.415995
1651536000,11.160000,11.510000,10.800000,11.110000,168826.863056,1875666.448553
1651449600,11.290000,11.420000,10.770000,11.160000,48284.239327,538852.110890
1651363200,10.960000,11.460000,10.820000,11.300000,53555.019429,605171.719550
1651276800,11.980000,12.230000,10.660000,10.970000,75998.088073,833699.026158
1651190400,12.660000,12.720000,11.850000,11.960000,49454.887905,591480.459340
1651104000,12.720000,12.980000,12.400000,12.650000,67659.705789,855895.278234
1651017600,12.360000,12.790000,12.320000,12.750000,62945.939194,802560.724729
1650931200,13.430000,13.470000,12.170000,12.370000,91427.720279,1130960.899846
1650844800,13.280000,13.500000,12.550000,13.450000,113864.122316,1531472.445148
1650758400,13.340000,13.630000,13.230000,13.270000,46310.749962,614543.651994
1650672000,13.580000,13.670000,13.240000,13.320000,62254.358905,829228.060619
1650585600,13.550000,13.880000,13.490000,13.600000,81145.660696,1103580.985467
1650499200,14.040000,14.370000,13.370000,13.580000,73019.177067,991600.424565
1650412800,14.230000,14.490000,13.720000,14.030000,94024.964206,1319170.247804
1650326400,14.070000,14.400000,13.850000,14.240000,54246.265075,772466.814667
1650240000,13.720000,14.060000,13.160000,14.060000,184444.080286,2593283.768820
1650153600,14.160000,14.610000,13.660000,13.750000,74509.112474,1024500.296521
1650067200,14.100000,14.260000,13.850000,14.150000,39251.789658,555412.823657
1649980800,13.690000,14.190000,13.640000,14.110000,62268.347734,878606.386523
1649894400,14.150000,14.330000,13.340000,13.640000,82212.813514,1121382.776331
1649808000,13.970000,14.210000,13.700000,14.190000,88016.798506,1248958.370807
1649721600,13.800000,14.300000,13.630000,13.990000,83420.391018,1167051.270347
1649635200,15.230000,15.260000,13.540000,13.740000,150081.750107,2062123.246466
1649548800,15.420000,15.920000,15.170000,15.190000,63002.996581,957015.518061
1649462400,15.180000,15.460000,15.150000,15.430000,76699.507074,1183473.394146
1649376000,15.690000,15.910000,15.040000,15.140000,62038.858008,939268.310242
1649289600,15.460000,15.870000,15.140000,15.760000,75983.146942,1197494.395802
1649203200,16.710000,16.710000,15.280000,15.420000,171841.708805,2649799.149777
1649116800,17.520000,17.650000,16.710000,16.720000,42724.543955,714354.374920
1649030400,18.000000,18.020000,16.850000,17.480000,63698.540974,1113450.496218
1648944000,17.390000,18.310000,17.210000,18.090000,69328.608933,1254154.535595
1648857600,17.310000,17.870000,17.110000,17.360000,38205.490207,663247.309992
1648771200,16.910000,17.370000,16.200000,17.320000,59459.107890,1029831.748662
1648684800,17.270000,18.040000,16.670000,16.940000,120998.916636,2049721.647809
1648598400,16.920000,17.580000,16.550000,17.230000,78319.232604,1349440.377772
1648512000,16.520000,17.520000,16.520000,16.990000,92008.806399,1563229.620715
1648425600,16.860000,17.350000,16.340000,16.430000,122445.539803,2011780.218969
