unix,open,high,low,close,Volume UNI,Volume BTC
1751328000,0.000066,0.000066,0.000066,0.000066,0.000000,0.000000
1751241600,0.000066,0.000066,0.000066,0.000066,22.068939,0.001457
1751155200,0.000065,0.000067,0.000065,0.000067,22.369399,0.001499
1751068800,0.000064,0.000064,0.000064,0.000064,0.000000,0.000000
1750982400,0.000064,0.000064,0.000064,0.000064,30.824750,0.001984
1750896000,0.000063,0.000063,0.000063,0.000063,35.184596,0.002223
1750809600,0.000060,0.000060,0.000060,0.000060,0.000000,0.000000
1750723200,0.000060,0.000060,0.000060,0.000060,0.000000,0.000000
1750636800,0.000060,0.000060,0.000060,0.000060,5.710517,0.000341
1750550400,0.000064,0.000064,0.000064,0.000064,0.000000,0.000000
1750464000,0.000066,0.000066,0.000064,0.000064,104.500699,0.006640
1750377600,0.000075,0.000075,0.000072,0.000072,44.724878,0.003241
1750291200,0.000074,0.000074,0.000073,0.000073,10.350160,0.000756
1750204800,0.000072,0.000072,0.000071,0.000071,64.228925,0.004569
1750118400,0.000071,0.000071,0.000071,0.000071,32.659717,0.002308
1750032000,0.000072,0.000078,0.000072,0.000078,9.344222,0.000726
1749945600,0.000066,0.000066,0.000066,0.000066,0.000000,0.000000
1749859200,0.000068,0.000068,0.000066,0.000066,132.794460,0.008760
1749772800,0.000069,0.000073,0.000068,0.000073,479.850786,0.035005
1749686400,0.000073,0.000073,0.000073,0.000073,34.353836,0.002506
1749600000,0.000076,0.000077,0.000074,0.000074,315.343542,0.023301
1749513600,0.000065,0.000076,0.000065,0.000075,10511.311314,0.790345
1749427200,0.000062,0.000062,0.000062,0.000062,34.962402,0.002173
1749340800,0.000060,0.000060,0.000060,0.000060,0.000000,0.000000
1749254400,0.000059,0.000060,0.000059,0.000060,59.283060,0.003566
1749168000,0.000058,0.000058,0.000058,0.000058,36.609660,0.002113
1749081600,0.000060,0.000061,0.000060,0.000061,8.981484,0.000545
1748995200,0.000064,0.000065,0.000061,0.000061,261.247108,0.015871
1748908800,0.000061,0.000065,0.000061,0.000065,152.735259,0.009960
1748822400,0.000058,0.000058,0.000058,0.000058,0.000000,0.000000
1748736000,0.000057,0.000060,0.000057,0.000058,158.299725,0.009159
1748649600,0.000058,0.000058,0.000058,0.000058,13.094871,0.000766
1748563200,0.000063,0.000063,0.000063,0.000063,5.588376,0.000350
1748476800,0.000066,0.000066,0.000063,0.000063,625.428270,0.039533
1748390400,0.000059,0.000063,0.000059,0.000063,300.970590,0.018949
1748304000,0.000059,0.000059,0.000058,0.000058,123.426083,0.007175
1748217600,0.000057,0.000057,0.000057,0.000057,0.000000,0.000000
1748131200,0.000057,0.000057,0.000057,0.000057,0.000000,0.000000
1748044800,0.000057,0.000057,0.000057,0.000057,6.115674,0.000350
1747958400,0.000057,0.000057,0.000057,0.000057,0.000000,0.000000
1747872000,0.000058,0.000059,0.000057,0.000057,118.001096,0.006720
1747785600,0.000056,0.000056,0.000056,0.000056,31.450160,0.001764
1747699200,0.000055,0.000055,0.000054,0.000054,4.782808,0.000259
1747612800,0.000056,0.000056,0.000056,0.000056,23.937540,0.001339
1747526400,0.000058,0.000058,0.000057,0.000057,939.591965,0.053369
1747440000,0.000061,0.000061,0.000061,0.000061,0.000000,0.000000
1747353600,0.000061,0.000061,0.000061,0.000061,0.000000,0.000000
1747267200,0.000061,0.000061,0.000061,0.000061,9.832815,0.000603
1747180800,0.000068,0.000068,0.000068,0.000068,0.000000,0.000000
1747094400,0.000068,0.000068,0.000068,0.000068,0.000000,0.000000
1747008000,0.000066,0.000068,0.000066,0.000068,89.360615,0.006116
1746921600,0.000066,0.000066,0.000066,0.000066,48.397245,0.003217
1746835200,0.000064,0.000073,0.000063,0.000073,125.627610,0.009141
1746748800,0.000063,0.000063,0.000063,0.000063,15.794799,0.000996
1746662400,0.000054,0.000058,0.000054,0.000058,69.081098,0.003982
1746576000,0.000050,0.000050,0.000050,0.000050,497.017893,0.025000
1746489600,0.000052,0.000052,0.000052,0.000052,6.344510,0.000329
1746403200,0.000053,0.000053,0.000053,0.000053,0.000000,0.000000
1746316800,0.000053,0.000053,0.000053,0.000053,11.509260,0.000604
1746230400,0.000054,0.000054,0.000054,0.000054,5.541189,0.000300
1746144000,0.000054,0.000054,0.000054,0.000054,5.070976,0.000276
1746057600,0.000055,0.000055,0.000055,0.000055,0.000000,0.000000
1745971200,0.000056,0.000056,0.000055,0.000055,124.135840,0.006888
1745884800,0.000058,0.000058,0.000058,0.000058,0.000000,0.000000
1745798400,0.000058,0.000058,0.000058,0.000058,14.450950,0.000838
1745712000,0.000064,0.000064,0.000064,0.000064,0.000000,0.000000
1745625600,0.000064,0.000064,0.000064,0.000064,0.000000,0.000000
1745539200,0.000064,0.000064,0.000064,0.000064,0.000000,0.000000
1745452800,0.000064,0.000064,0.000064,0.000064,0.000000,0.000000
1745366400,0.000064,0.000064,0.000064,0.000064,31.131979,0.002007
1745280000,0.000062,0.000062,0.000062,0.000062,0.000000,0.000000
1745193600,0.000062,0.000062,0.000062,0.000062,0.000000,0.000000
1745107200,0.000062,0.000062,0.000062,0.000062,0.000000,0.000000
1745020800,0.000062,0.000062,0.000062,0.000062,3.853000,0.000237
1744934400,0.000063,0.000063,0.000063,0.000063,0.000000,0.000000
1744848000,0.000063,0.000063,0.000063,0.000063,0.000000,0.000000
1744761600,0.000063,0.000063,0.000063,0.000063,0.000000,0.000000
1744675200,0.000063,0.000063,0.000063,0.000063,12.097020,0.000759
1744588800,0.000064,0.000064,0.000064,0.000064,98.766485,0.006357
1744502400,0.000063,0.000063,0.000063,0.000063,0.000000,0.000000
1744416000,0.000063,0.000063,0.000063,0.000063,0.000000,0.000000
1744329600,0.000063,0.000063,0.000063,0.000063,0.000000,0.000000
1744243200,0.000063,0.000063,0.000063,0.000063,0.000000,0.000000
1744156800,0.000061,0.000063,0.000061,0.000063,162.936472,0.010307
1744070400,0.000064,0.000064,0.000063,0.000063,86.354133,0.005479
1743984000,0.000070,0.000070,0.000070,0.000070,0.000000,0.000000
1743897600,0.000070,0.000070,0.000070,0.000070,0.000000,0.000000
1743811200,0.000070,0.000070,0.000070,0.000070,0.000000,0.000000
1743724800,0.000070,0.000070,0.000070,0.000070,0.000000,0.000000
1743638400,0.000070,0.000070,0.000070,0.000070,207.874640,0.014551
1743552000,0.000072,0.000076,0.000071,0.000071,479.335941,0.034225
1743465600,0.000072,0.000072,0.000072,0.000072,0.000000,0.000000
1743379200,0.000072,0.000072,0.000072,0.000072,12.863071,0.000930
1743292800,0.000076,0.000076,0.000076,0.000076,0.000000,0.000000
1743206400,0.000076,0.000076,0.000076,0.000076,0.000000,0.000000
1743120000,0.000076,0.000076,0.000076,0.000076,27.177896,0.002056
1743033600,0.000077,0.000077,0.000077,0.000077,0.000000,0.000000
1742947200,0.000077,0.000077,0.000077,0.000077,14.397125,0.001112
1742860800,0.000080,0.000080,0.000080,0.000080,0.000000,0.000000
1742774400,0.000080,0.000080,0.000080,0.000080,0.000000,0.000000
1742688000,0.000080,0.000080,0.000080,0.000080,0.000000,0.000000
1742601600,0.000081,0.000081,0.000080,0.000080,10.655141,0.000851
1742515200,0.000079,0.000079,0.000079,0.000079,0.000000,0.000000
1742428800,0.000079,0.000079,0.000079,0.000079,41.725937,0.003283
1742342400,0.000082,0.000084,0.000082,0.000082,171.316669,0.014062
1742256000,0.000076,0.000076,0.000076,0.000076,2.667371,0.000202
1742169600,0.000073,0.000073,0.000073,0.000073,0.000000,0.000000
1742083200,0.000074,0.000074,0.000073,0.000073,9.847290,0.000719
1741996800,0.000073,0.000073,0.000073,0.000073,31.010106,0.002265
1741910400,0.000072,0.000072,0.000072,0.000072,40.758690,0.002922
1741824000,0.000072,0.000072,0.000072,0.000072,4.177390,0.000300
1741737600,0.000071,0.000071,0.000071,0.000071,5.375980,0.000381
1741651200,0.000073,0.000073,0.000073,0.000073,32.056300,0.002346
1741564800,0.000081,0.000081,0.000081,0.000081,29.618740,0.002386
1741478400,0.000082,0.000082,0.000082,0.000082,0.000000,0.000000
1741392000,0.000082,0.000082,0.000082,0.000082,8.149180,0.000665
1741305600,0.000080,0.000080,0.000080,0.000080,5.251530,0.000422
1741219200,0.000083,0.000083,0.000083,0.000083,0.000000,0.000000
1741132800,0.000085,0.000085,0.000083,0.000083,17.536593,0.001452
1741046400,0.000083,0.000084,0.000083,0.000083,817.940989,0.068216
1740960000,0.000086,0.000086,0.000084,0.000084,204.417708,0.017130
1740873600,0.000090,0.000090,0.000086,0.000088,118.601378,0.010387
1740787200,0.000086,0.000086,0.000084,0.000084,93.076500,0.007784
1740700800,0.000091,0.000091,0.000090,0.000090,24.162480,0.002180
1740614400,0.000094,0.000094,0.000094,0.000094,40.690856,0.003827
1740528000,0.000093,0.000093,0.000093,0.000093,26.596882,0.002474
1740441600,0.000085,0.000097,0.000085,0.000096,423.115756,0.040412
1740355200,0.000088,0.000089,0.000088,0.000089,7.276083,0.000648
1740268800,0.000095,0.000095,0.000095,0.000095,4.153652,0.000396
1740182400,0.000097,0.000097,0.000097,0.000097,0.000000,0.000000
1740096000,0.000097,0.000097,0.000097,0.000097,16.666563,0.001608
1740009600,0.000094,0.000094,0.000094,0.000094,25.867588,0.002438
1739923200,0.000098,0.000098,0.000094,0.000094,34.103420,0.003210
1739836800,0.000100,0.000100,0.000100,0.000100,4.981568,0.000500
1739750400,0.000099,0.000101,0.000099,0.000101,16.982255,0.001720
1739664000,0.000100,0.000100,0.000100,0.000100,0.000000,0.000000
1739577600,0.000100,0.000100,0.000100,0.000100,0.000000,0.000000
1739491200,0.000100,0.000100,0.000100,0.000100,0.000000,0.000000
1739404800,0.000104,0.000104,0.000100,0.000100,689.245590,0.068952
1739318400,0.000101,0.000101,0.000098,0.000098,26.937830,0.002649
1739232000,0.000102,0.000102,0.000102,0.000102,308.356406,0.031332
1739145600,0.000098,0.000098,0.000098,0.000098,4.927110,0.000481
1739059200,0.000095,0.000095,0.000095,0.000095,0.000000,0.000000
1738972800,0.000095,0.000095,0.000095,0.000095,0.000000,0.000000
1738886400,0.000095,0.000095,0.000095,0.000095,0.000000,0.000000
1738800000,0.000095,0.000095,0.000095,0.000095,0.000000,0.000000
1738713600,0.000095,0.000095,0.000095,0.000095,13.757880,0.001308
1738627200,0.000098,0.000098,0.000093,0.000094,28.395819,0.002658
1738540800,0.000091,0.000101,0.000080,0.000101,1255.112623,0.126340
1738454400,0.000102,0.000102,0.000091,0.000091,1086.983290,0.098915
1738368000,0.000110,0.000110,0.000110,0.000110,24.086487,0.002649
1738281600,0.000113,0.000121,0.000113,0.000121,1191.667277,0.143715
1738195200,0.000116,0.000116,0.000114,0.000114,46.712482,0.005343
1738108800,0.000110,0.000117,0.000110,0.000116,739.440923,0.085561
1738022400,0.000108,0.000108,0.000108,0.000108,8.218210,0.000891
1737936000,0.000111,0.000111,0.000108,0.000108,945.140258,0.101839
1737849600,0.000114,0.000114,0.000114,0.000114,45.140025,0.005168
1737763200,0.000116,0.000118,0.000111,0.000114,146.627527,0.016680
1737676800,0.000124,0.000124,0.000119,0.000119,3.977433,0.000471
1737590400,0.000125,0.000125,0.000119,0.000119,889.754016,0.106263
1737504000,0.000126,0.000126,0.000123,0.000123,70.141880,0.008604
1737417600,0.000131,0.000131,0.000128,0.000128,13.195353,0.001684
1737331200,0.000133,0.000133,0.000126,0.000126,81.526672,0.010254
1737244800,0.000131,0.000138,0.000126,0.000132,148.449541,0.019670
1737158400,0.000138,0.000142,0.000134,0.000134,28.557457,0.003838
1737072000,0.000144,0.000144,0.000144,0.000144,0.000000,0.000000
1736985600,0.000143,0.000144,0.000143,0.000144,52.645973,0.007571
1736899200,0.000137,0.000146,0.000137,0.000146,40.230824,0.005881
1736812800,0.000135,0.000135,0.000135,0.000135,0.000000,0.000000
1736726400,0.000135,0.000135,0.000135,0.000135,22.849680,0.003076
1736640000,0.000146,0.000146,0.000146,0.000146,1.373249,0.000200
1736553600,0.000146,0.000147,0.000143,0.000147,29.655104,0.004364
1736467200,0.000143,0.000143,0.000140,0.000143,113.172057,0.016240
1736380800,0.000140,0.000140,0.000136,0.000136,10.375647,0.001416
1736294400,0.000142,0.000142,0.000136,0.000138,113.264028,0.015669
1736208000,0.000144,0.000144,0.000140,0.000140,467.347476,0.065489
1736121600,0.000155,0.000155,0.000150,0.000150,11.678895,0.001758
1736035200,0.000154,0.000154,0.000154,0.000154,7.099810,0.001091
1735948800,0.000156,0.000156,0.000145,0.000150,1176.072927,0.176999
1735862400,0.000155,0.000155,0.000153,0.000153,985.346292,0.150719
1735776000,0.000141,0.000141,0.000141,0.000141,0.000000,0.000000
1735689600,0.000142,0.000142,0.000141,0.000141,10.937865,0.001546
1735603200,0.000142,0.000144,0.000141,0.000141,41.710711,0.005896
1735516800,0.000142,0.000143,0.000140,0.000142,55.347269,0.007877
1735430400,0.000141,0.000141,0.000134,0.000139,104.637540,0.014585
1735344000,0.000139,0.000141,0.000139,0.000141,8.823794,0.001242
1735257600,0.000143,0.000145,0.000142,0.000145,29.510415,0.004284
1735171200,0.000135,0.000138,0.000135,0.000136,62.678072,0.008512
1735084800,0.000144,0.000144,0.000144,0.000144,16.756279,0.002411
1734998400,0.000150,0.000150,0.000148,0.000148,18.000000,0.002668
1734912000,0.000143,0.000154,0.000137,0.000154,128.567742,0.019757
1734825600,0.000142,0.000147,0.000142,0.000145,2356.579077,0.342599
1734739200,0.000141,0.000149,0.000136,0.000136,24.126156,0.003287
1734652800,0.000133,0.000138,0.000123,0.000138,551.445155,0.075951
1734566400,0.000145,0.000145,0.000132,0.000132,888.455854,0.117161
1734480000,0.000156,0.000160,0.000148,0.000149,129.739608,0.019312
1734393600,0.000149,0.000151,0.000149,0.000151,17.230378,0.002600
1734307200,0.000157,0.000157,0.000157,0.000157,9.901970,0.001550
1734220800,0.000159,0.000159,0.000159,0.000159,12.548626,0.002000
1734134400,0.000168,0.000170,0.000165,0.000165,8.904507,0.001473
1734048000,0.000172,0.000176,0.000162,0.000171,166.356647,0.028509
1733961600,0.000173,0.000186,0.000173,0.000183,255.486309,0.046713
1733875200,0.000160,0.000170,0.000160,0.000169,33.745688,0.005705
1733788800,0.000169,0.000169,0.000152,0.000156,419.323030,0.065515
1733702400,0.000190,0.000190,0.000150,0.000155,1146.014301,0.177185
1733616000,0.000180,0.000192,0.000179,0.000185,1660.700504,0.307495
1733529600,0.000177,0.000184,0.000172,0.000172,120.622921,0.020758
1733443200,0.000161,0.000178,0.000156,0.000176,463.782289,0.081816
1733356800,0.000152,0.000165,0.000142,0.000153,223.777831,0.034162
1733270400,0.000160,0.000179,0.000156,0.000156,3382.403663,0.528095
1733184000,0.000148,0.000168,0.000141,0.000168,1721.990455,0.289053
1733097600,0.000137,0.000147,0.000132,0.000144,1693.186633,0.244665
1733011200,0.000136,0.000140,0.000134,0.000140,959.295089,0.133822
1732924800,0.000130,0.000134,0.000130,0.000132,149.445715,0.019655
1732838400,0.000130,0.000130,0.000130,0.000130,20.560470,0.002677
1732752000,0.000136,0.000136,0.000132,0.000134,89.269936,0.011963
1732665600,0.000120,0.000139,0.000120,0.000139,306.664393,0.042553
1732579200,0.000122,0.000122,0.000110,0.000119,56.869928,0.006758
1732492800,0.000116,0.000128,0.000115,0.000117,431.377899,0.050437
1732406400,0.000116,0.000118,0.000108,0.000112,529.446929,0.059150
1732320000,0.000097,0.000114,0.000097,0.000109,3146.949729,0.342168
1732233600,0.000095,0.000100,0.000091,0.000100,207.305446,0.020656
1732147200,0.000093,0.000098,0.000089,0.000094,669.660408,0.063109
1732060800,0.000098,0.000098,0.000092,0.000093,3122.971331,0.291248
1731974400,0.000102,0.000102,0.000102,0.000102,0.000000,0.000000
1731888000,0.000101,0.000102,0.000100,0.000102,45.594913,0.004663
1731801600,0.000102,0.000103,0.000099,0.000099,140.475522,0.013872
1731715200,0.000098,0.000100,0.000098,0.000100,183.394202,0.018301
1731628800,0.000092,0.000093,0.000092,0.000093,13.967140,0.001293
1731542400,0.000095,0.000096,0.000092,0.000096,148.172915,0.014183
1731456000,0.000097,0.000099,0.000094,0.000096,736.408390,0.070342
1731369600,0.000104,0.000120,0.000100,0.000100,252.983855,0.025298
1731283200,0.000110,0.000116,0.000100,0.000103,352.635771,0.036378
1731196800,0.000120,0.000121,0.000114,0.000114,86.783474,0.009862
1731110400,0.000117,0.000118,0.000117,0.000117,1752.540659,0.205573
1731024000,0.000115,0.000116,0.000113,0.000114,24.559245,0.002794
1730937600,0.000127,0.000127,0.000113,0.000113,244.475603,0.027557
1730851200,0.000111,0.000135,0.000111,0.000125,105.977317,0.013291
1730764800,0.000102,0.000102,0.000102,0.000102,4.490537,0.000457
1730678400,0.000101,0.000101,0.000100,0.000100,13.626350,0.001365
1730592000,0.000106,0.000106,0.000106,0.000106,0.000000,0.000000
1730505600,0.000106,0.000106,0.000106,0.000106,4.000000,0.000423
1730419200,0.000110,0.000110,0.000110,0.000110,4.534993,0.000501
1730332800,0.000109,0.000109,0.000108,0.000108,4.761010,0.000515
1730246400,0.000111,0.000115,0.000111,0.000115,81.028741,0.009290
1730160000,0.000108,0.000108,0.000108,0.000108,21.091962,0.002283
1730073600,0.000111,0.000111,0.000109,0.000109,6.028234,0.000655
1729987200,0.000114,0.000115,0.000106,0.000106,136.942929,0.014463
1729900800,0.000111,0.000111,0.000111,0.000111,0.000000,0.000000
1729814400,0.000119,0.000119,0.000110,0.000111,51.800589,0.005730
1729728000,0.000121,0.000121,0.000121,0.000121,0.000000,0.000000
1729641600,0.000121,0.000121,0.000121,0.000121,0.000000,0.000000
1729555200,0.000119,0.000123,0.000119,0.000121,33.458358,0.004057
1729468800,0.000113,0.000113,0.000113,0.000113,0.000000,0.000000
1729382400,0.000109,0.000113,0.000109,0.000113,73.472600,0.008266
1729296000,0.000109,0.000109,0.000105,0.000105,39.493880,0.004137
1729209600,0.000112,0.000112,0.000112,0.000112,0.000000,0.000000
1729123200,0.000112,0.000112,0.000112,0.000112,0.000000,0.000000
1729036800,0.000117,0.000117,0.000112,0.000112,43.293469,0.004851
1728950400,0.000121,0.000121,0.000121,0.000121,6.648050,0.000806
1728864000,0.000120,0.000125,0.000120,0.000125,4.620620,0.000575
1728777600,0.000125,0.000125,0.000125,0.000125,0.000000,0.000000
1728691200,0.000125,0.000125,0.000125,0.000125,10.000000,0.001252
1728604800,0.000129,0.000129,0.000126,0.000126,8.191078,0.001035
1728518400,0.000130,0.000136,0.000130,0.000136,123.642773,0.016781
1728432000,0.000117,0.000117,0.000117,0.000117,30.000000,0.003515
1728345600,0.000116,0.000116,0.000116,0.000116,0.000000,0.000000
1728259200,0.000116,0.000116,0.000116,0.000116,19.224075,0.002224
1728172800,0.000111,0.000113,0.000104,0.000110,326.694623,0.035946
1728086400,0.000110,0.000110,0.000110,0.000110,0.000000,0.000000
1728000000,0.000110,0.000110,0.000110,0.000110,19.168877,0.002110
1727913600,0.000108,0.000108,0.000108,0.000108,32.151199,0.003485
1727827200,0.000115,0.000115,0.000115,0.000115,13.040401,0.001498
1727740800,0.000117,0.000117,0.000117,0.000117,0.000000,0.000000
1727654400,0.000118,0.000118,0.000117,0.000117,57.596190,0.006755
1727568000,0.000114,0.000114,0.000111,0.000111,8.342774,0.000927
1727481600,0.000118,0.000118,0.000117,0.000117,10.234947,0.001194
1727395200,0.000114,0.000115,0.000110,0.000110,54.846598,0.006034
1727308800,0.000114,0.000114,0.000114,0.000114,0.000000,0.000000
1727222400,0.000114,0.000114,0.000114,0.000114,0.000000,0.000000
1727136000,0.000114,0.000114,0.000114,0.000114,0.000000,0.000000
1727049600,0.000106,0.000114,0.000106,0.000114,308.276917,0.035279
1726963200,0.000106,0.000106,0.000106,0.000106,10.619710,0.001125
1726876800,0.000107,0.000109,0.000107,0.000109,19.794876,0.002148
1726790400,0.000108,0.000108,0.000108,0.000108,24.727062,0.002665
1726704000,0.000108,0.000108,0.000108,0.000108,3.370103,0.000365
1726617600,0.000108,0.000108,0.000108,0.000108,3.084700,0.000334
1726531200,0.000110,0.000110,0.000110,0.000110,0.000000,0.000000
1726444800,0.000110,0.000110,0.000110,0.000110,6.084043,0.000667
1726358400,0.000113,0.000113,0.000111,0.000111,5.275799,0.000584
1726272000,0.000113,0.000113,0.000113,0.000113,3.508335,0.000396
1726185600,0.000118,0.000118,0.000115,0.000115,238.141808,0.027382
1726099200,0.000119,0.000119,0.000119,0.000119,0.000000,0.000000
1726012800,0.000118,0.000119,0.000118,0.000119,9.561348,0.001136
1725926400,0.000116,0.000116,0.000116,0.000116,3.430300,0.000398
1725840000,0.000111,0.000111,0.000111,0.000111,0.000000,0.000000
1725753600,0.000111,0.000111,0.000111,0.000111,0.000000,0.000000
1725667200,0.000111,0.000111,0.000111,0.000111,0.000000,0.000000
1725580800,0.000111,0.000111,0.000111,0.000111,38.010595,0.004233
1725494400,0.000111,0.000111,0.000103,0.000103,65.665170,0.006775
1725408000,0.000111,0.000112,0.000108,0.000112,469.082148,0.052608
1725321600,0.000105,0.000105,0.000105,0.000105,5.400391,0.000566
1725235200,0.000098,0.000106,0.000098,0.000104,51.394796,0.005350
1725148800,0.000099,0.000099,0.000099,0.000099,5.437020,0.000539
1725062400,0.000099,0.000099,0.000099,0.000099,0.000000,0.000000
1724976000,0.000099,0.000099,0.000099,0.000099,0.000000,0.000000
1724889600,0.000099,0.000099,0.000099,0.000099,3.851640,0.000380
1724803200,0.000096,0.000096,0.000096,0.000096,0.000000,0.000000
1724716800,0.000097,0.000097,0.000096,0.000096,46.291035,0.004425
1724630400,0.000103,0.000103,0.000100,0.000100,59.425391,0.005929
1724544000,0.000104,0.000104,0.000104,0.000104,3.441130,0.000359
1724457600,0.000108,0.000108,0.000108,0.000108,8.092240,0.000870
1724371200,0.000113,0.000113,0.000113,0.000113,22.205418,0.002505
1724284800,0.000108,0.000108,0.000108,0.000108,0.000000,0.000000
1724198400,0.000110,0.000110,0.000108,0.000108,87.351726,0.009474
1724112000,0.000105,0.000105,0.000105,0.000105,22.425251,0.002364
1724025600,0.000110,0.000110,0.000110,0.000110,0.000000,0.000000
1723939200,0.000110,0.000110,0.000110,0.000110,0.000000,0.000000
1723852800,0.000110,0.000110,0.000110,0.000110,0.000000,0.000000
1723766400,0.000110,0.000110,0.000110,0.000110,5.000000,0.000550
1723680000,0.000107,0.000107,0.000107,0.000107,4.385330,0.000468
1723593600,0.000102,0.000102,0.000102,0.000102,0.000000,0.000000
1723507200,0.000102,0.000102,0.000102,0.000102,0.000000,0.000000
1723420800,0.000102,0.000102,0.000102,0.000102,0.000000,0.000000
1723334400,0.000102,0.000102,0.000102,0.000102,9.501040,0.000965
1723248000,0.000101,0.000101,0.000101,0.000101,12.560714,0.001272
1723161600,0.000102,0.000102,0.000102,0.000102,0.000000,0.000000
1723075200,0.000102,0.000102,0.000102,0.000102,39.633379,0.004040
1722988800,0.000103,0.000103,0.000103,0.000103,5.453854,0.000560
1722902400,0.000103,0.000103,0.000103,0.000103,2.459510,0.000253
1722816000,0.000103,0.000103,0.000096,0.000099,1532.408558,0.151218
1722729600,0.000109,0.000109,0.000106,0.000106,755.879527,0.080373
1722643200,0.000108,0.000108,0.000107,0.000107,281.155327,0.030210
1722556800,0.000108,0.000108,0.000104,0.000105,85.901371,0.009042
1722470400,0.000109,0.000109,0.000109,0.000109,6.624096,0.000724
1722384000,0.000122,0.000122,0.000122,0.000122,0.000000,0.000000
1722297600,0.000122,0.000122,0.000122,0.000122,0.000000,0.000000
1722211200,0.000113,0.000122,0.000113,0.000122,84.122690,0.010297
1722124800,0.000111,0.000111,0.000111,0.000111,2.395070,0.000267
1722038400,0.000115,0.000115,0.000115,0.000115,32.468039,0.003747
1721952000,0.000110,0.000110,0.000110,0.000110,0.000000,0.000000
1721865600,0.000111,0.000111,0.000110,0.000110,191.820628,0.021119
1721779200,0.000114,0.000120,0.000114,0.000115,278.929445,0.031954
1721692800,0.000117,0.000117,0.000117,0.000117,43.202886,0.005047
1721606400,0.000117,0.000119,0.000112,0.000119,1338.539165,0.159018
1721520000,0.000118,0.000118,0.000117,0.000117,17.695114,0.002062
1721433600,0.000121,0.000121,0.000121,0.000121,0.000000,0.000000
1721347200,0.000121,0.000121,0.000121,0.000121,4.458670,0.000538
1721260800,0.000120,0.000122,0.000120,0.000122,19.372816,0.002362
1721174400,0.000124,0.000124,0.000124,0.000124,1.758940,0.000218
1721088000,0.000126,0.000126,0.000126,0.000126,68.315957,0.008580
1721001600,0.000135,0.000135,0.000135,0.000135,3.804037,0.000513
1720915200,0.000137,0.000137,0.000136,0.000136,32.284534,0.004395
1720828800,0.000137,0.000137,0.000137,0.000137,0.000000,0.000000
1720742400,0.000137,0.000137,0.000137,0.000137,14.089670,0.001925
1720656000,0.000136,0.000136,0.000136,0.000136,2.818187,0.000384
1720569600,0.000142,0.000142,0.000142,0.000142,0.000000,0.000000
1720483200,0.000142,0.000142,0.000142,0.000142,0.000000,0.000000
1720396800,0.000142,0.000142,0.000142,0.000142,8.542350,0.001211
1720310400,0.000138,0.000138,0.000138,0.000138,0.000000,0.000000
1720224000,0.000138,0.000138,0.000138,0.000138,24.843715,0.003437
1720137600,0.000129,0.000138,0.000125,0.000138,4544.016235,0.624893
1720051200,0.000138,0.000138,0.000136,0.000136,50.082038,0.006812
1719964800,0.000144,0.000144,0.000144,0.000144,0.179756,0.000026
1719878400,0.000144,0.000144,0.000143,0.000143,173.649417,0.024764
1719792000,0.000147,0.000147,0.000147,0.000147,0.000000,0.000000
1719705600,0.000147,0.000147,0.000147,0.000147,12.445164,0.001833
1719619200,0.000149,0.000149,0.000148,0.000148,7.499929,0.001108
1719532800,0.000155,0.000155,0.000151,0.000151,2.288284,0.000345
1719446400,0.000154,0.000154,0.000154,0.000154,0.000000,0.000000
1719360000,0.000154,0.000154,0.000154,0.000154,2.583577,0.000398
1719273600,0.000154,0.000154,0.000154,0.000154,26.711730,0.004102
1719187200,0.000144,0.000155,0.000144,0.000155,30.908260,0.004779
1719100800,0.000156,0.000156,0.000155,0.000155,32.301152,0.005003
1719014400,0.000151,0.000156,0.000151,0.000155,72.972713,0.011279
1718928000,0.000156,0.000156,0.000153,0.000153,188.198330,0.028702
1718841600,0.000155,0.000155,0.000155,0.000155,20.232510,0.003137
1718755200,0.000149,0.000157,0.000149,0.000157,51.575788,0.008076
1718668800,0.000158,0.000160,0.000145,0.000145,291.981531,0.042215
1718582400,0.000177,0.000177,0.000166,0.000166,357.183027,0.059139
1718496000,0.000174,0.000180,0.000172,0.000180,548.232532,0.098528
1718409600,0.000164,0.000175,0.000164,0.000174,89.178284,0.015489
1718323200,0.000152,0.000163,0.000152,0.000159,1254.235083,0.198997
1718236800,0.000146,0.000146,0.000146,0.000146,0.000000,0.000000
1718150400,0.000138,0.000147,0.000138,0.000146,495.157623,0.072323
1718064000,0.000146,0.000146,0.000135,0.000135,178.540027,0.024124
1717977600,0.000145,0.000151,0.000145,0.000148,285.811035,0.042251
1717891200,0.000141,0.000141,0.000141,0.000141,0.000000,0.000000
1717804800,0.000141,0.000141,0.000141,0.000141,0.000000,0.000000
1717718400,0.000148,0.000148,0.000135,0.000141,112.281145,0.015802
1717632000,0.000150,0.000151,0.000150,0.000151,139.289338,0.020976
1717545600,0.000159,0.000159,0.000154,0.000157,156.445105,0.024537
1717459200,0.000138,0.000164,0.000137,0.000164,294.417324,0.048143
1717372800,0.000157,0.000157,0.000157,0.000157,0.000000,0.000000
1717286400,0.000157,0.000157,0.000157,0.000157,0.000000,0.000000
1717200000,0.000157,0.000157,0.000157,0.000157,0.000000,0.000000
1717113600,0.000158,0.000161,0.000156,0.000157,501.762894,0.078947
1717027200,0.000157,0.000160,0.000157,0.000159,745.929496,0.118461
1716940800,0.000161,0.000161,0.000156,0.000156,333.599529,0.052058
1716854400,0.000164,0.000166,0.000164,0.000164,370.273298,0.060592
1716768000,0.000161,0.000161,0.000158,0.000158,235.291875,0.037164
1716681600,0.000163,0.000168,0.000162,0.000167,736.246774,0.122806
1716595200,0.000150,0.000165,0.000150,0.000161,860.281759,0.138505
1716508800,0.000140,0.000150,0.000136,0.000150,151.556554,0.022705
1716422400,0.000138,0.000139,0.000137,0.000137,138.587109,0.018961
1716336000,0.000137,0.000137,0.000137,0.000137,6.988480,0.000959
1716249600,0.000129,0.000137,0.000129,0.000137,470.578580,0.064441
1716163200,0.000129,0.000133,0.000129,0.000133,165.426256,0.021974
1716076800,0.000115,0.000115,0.000115,0.000115,7.265198,0.000835
1715990400,0.000114,0.000123,0.000114,0.000123,244.495716,0.030031
1715904000,0.000111,0.000111,0.000111,0.000111,0.000000,0.000000
1715817600,0.000111,0.000111,0.000111,0.000111,10.763886,0.001198
1715731200,0.000111,0.000112,0.000111,0.000112,67.754406,0.007597
1715644800,0.000111,0.000111,0.000111,0.000111,0.000000,0.000000
1715558400,0.000114,0.000114,0.000111,0.000111,20.148840,0.002239
1715472000,0.000116,0.000116,0.000116,0.000116,144.564949,0.016738
1715385600,0.000118,0.000118,0.000118,0.000118,0.000000,0.000000
1715299200,0.000118,0.000118,0.000118,0.000118,0.000000,0.000000
1715212800,0.000118,0.000118,0.000118,0.000118,0.000000,0.000000
1715126400,0.000118,0.000118,0.000118,0.000118,5.680785,0.000672
1715040000,0.000118,0.000118,0.000118,0.000118,21.101029,0.002488
1714953600,0.000119,0.000119,0.000119,0.000119,2.614643,0.000311
1714867200,0.000118,0.000118,0.000117,0.000117,53.895725,0.006306
1714780800,0.000121,0.000121,0.000121,0.000121,0.000000,0.000000
1714694400,0.000118,0.000121,0.000118,0.000121,102.537712,0.012358
1714608000,0.000121,0.000121,0.000121,0.000121,55.080960,0.006670
1714521600,0.000118,0.000119,0.000117,0.000119,306.564110,0.036616
1714435200,0.000117,0.000117,0.000117,0.000117,9.498028,0.001108
1714348800,0.000122,0.000122,0.000122,0.000122,5.319284,0.000647
1714262400,0.000125,0.000125,0.000125,0.000125,13.364403,0.001676
1714176000,0.000120,0.000120,0.000120,0.000120,0.000000,0.000000
1714089600,0.000122,0.000122,0.000120,0.000120,1252.135581,0.149705
1714003200,0.000120,0.000126,0.000120,0.000126,61.437782,0.007726
1713916800,0.000120,0.000121,0.000120,0.000121,133.840326,0.016152
1713830400,0.000121,0.000121,0.000121,0.000121,7.669223,0.000925
1713744000,0.000123,0.000123,0.000123,0.000123,26.758529,0.003300
1713657600,0.000120,0.000120,0.000120,0.000120,31.032586,0.003719
1713571200,0.000121,0.000121,0.000121,0.000121,0.077273,0.000009
1713484800,0.000117,0.000117,0.000117,0.000117,3.478464,0.000408
1713398400,0.000112,0.000112,0.000112,0.000112,54.213648,0.006085
1713312000,0.000113,0.000113,0.000113,0.000113,0.000000,0.000000
1713225600,0.000113,0.000113,0.000113,0.000113,57.004041,0.006461
1713139200,0.000115,0.000118,0.000115,0.000116,1201.144243,0.139693
1713052800,0.000107,0.000115,0.000107,0.000115,1363.831345,0.156895
1712966400,0.000117,0.000117,0.000098,0.000106,4663.576654,0.492567
1712880000,0.000126,0.000130,0.000110,0.000119,1312.566084,0.155683
1712793600,0.000140,0.000140,0.000128,0.000129,2667.037194,0.344928
1712707200,0.000162,0.000162,0.000141,0.000144,2724.666515,0.391344
1712620800,0.000162,0.000162,0.000162,0.000162,15.840000,0.002570
1712534400,0.000164,0.000164,0.000162,0.000162,49.329122,0.007987
1712448000,0.000162,0.000162,0.000162,0.000162,15.950779,0.002581
1712361600,0.000163,0.000163,0.000163,0.000163,13.791203,0.002253
1712275200,0.000159,0.000161,0.000159,0.000161,6.650933,0.001071
1712188800,0.000174,0.000174,0.000174,0.000174,0.000000,0.000000
1712102400,0.000174,0.000174,0.000174,0.000174,0.000000,0.000000
1712016000,0.000172,0.000174,0.000171,0.000174,680.112562,0.118149
1711929600,0.000180,0.000180,0.000176,0.000176,178.707285,0.031499
1711843200,0.000189,0.000189,0.000189,0.000189,17.110934,0.003229
1711756800,0.000183,0.000183,0.000183,0.000183,1.795430,0.000328
1711670400,0.000182,0.000184,0.000181,0.000181,30.775918,0.005557
1711584000,0.000177,0.000181,0.000176,0.000181,686.598226,0.124274
1711497600,0.000178,0.000178,0.000178,0.000178,167.676580,0.029796
1711411200,0.000181,0.000182,0.000180,0.000182,20.717958,0.003768
1711324800,0.000181,0.000181,0.000178,0.000178,87.660536,0.015587
1711238400,0.000181,0.000181,0.000181,0.000181,10.688454,0.001931
1711152000,0.000184,0.000184,0.000182,0.000182,66.817709,0.012157
1711065600,0.000182,0.000182,0.000182,0.000182,987.975792,0.179476
1710979200,0.000180,0.000181,0.000178,0.000181,1166.012115,0.211200
1710892800,0.000173,0.000176,0.000172,0.000175,214.549374,0.037475
1710806400,0.000170,0.000174,0.000167,0.000174,249.942996,0.043553
1710720000,0.000179,0.000179,0.000178,0.000178,18.062811,0.003224
1710633600,0.000184,0.000184,0.000184,0.000184,5.076518,0.000933
1710547200,0.000188,0.000188,0.000182,0.000182,101.833725,0.018484
1710460800,0.000192,0.000192,0.000187,0.000188,1693.764896,0.318428
1710374400,0.000196,0.000196,0.000191,0.000194,173.700953,0.033773
1710288000,0.000198,0.000199,0.000194,0.000194,379.381158,0.073456
1710201600,0.000191,0.000194,0.000184,0.000194,195.180892,0.037935
1710115200,0.000202,0.000202,0.000195,0.000201,757.276275,0.152455
1710028800,0.000207,0.000207,0.000200,0.000205,384.657610,0.079028
1709942400,0.000215,0.000215,0.000204,0.000208,340.941747,0.070892
1709856000,0.000228,0.000228,0.000211,0.000214,224.366084,0.047969
1709769600,0.000233,0.000233,0.000217,0.000217,191.226737,0.041552
1709683200,0.000206,0.000246,0.000205,0.000234,3605.322702,0.843501
1709596800,0.000181,0.000209,0.000181,0.000201,9340.850789,1.875830
1709510400,0.000200,0.000200,0.000181,0.000184,2958.680179,0.543776
1709424000,0.000204,0.000205,0.000189,0.000205,508.335051,0.104199
1709337600,0.000183,0.000212,0.000183,0.000202,923.337324,0.186662
1709251200,0.000184,0.000196,0.000178,0.000186,8866.291449,1.645584
1709164800,0.000174,0.000191,0.000171,0.000182,1254.578266,0.228333
1709078400,0.000194,0.000195,0.000164,0.000175,2393.933504,0.419178
1708992000,0.000194,0.000195,0.000185,0.000190,2608.954508,0.495519
1708905600,0.000210,0.000221,0.000193,0.000193,3425.999274,0.661937
1708819200,0.000219,0.000219,0.000202,0.000212,1982.721385,0.421289
1708732800,0.000222,0.000249,0.000216,0.000216,4052.966108,0.876859
1708646400,0.000142,0.000247,0.000139,0.000225,11184.544381,2.514174
1708560000,0.000144,0.000144,0.000144,0.000144,270.397016,0.038821
1708473600,0.000141,0.000141,0.000141,0.000141,31.400000,0.004430
1708387200,0.000146,0.000146,0.000142,0.000142,296.859670,0.042273
1708300800,0.000146,0.000146,0.000146,0.000146,174.847820,0.025547
1708214400,0.000153,0.000153,0.000153,0.000153,11.729000,0.001792
1708128000,0.000149,0.000151,0.000147,0.000149,144.237691,0.021526
1708041600,0.000145,0.000146,0.000143,0.000143,62.362563,0.008927
1707955200,0.000140,0.000140,0.000140,0.000140,378.640000,0.052858
1707868800,0.000136,0.000136,0.000136,0.000136,0.000000,0.000000
1707782400,0.000136,0.000136,0.000136,0.000136,539.099823,0.073210
1707696000,0.000137,0.000137,0.000137,0.000137,21.686032,0.002962
1707609600,0.000138,0.000138,0.000138,0.000138,24.088747,0.003327
1707523200,0.000141,0.000141,0.000139,0.000139,37.146354,0.005177
1707436800,0.000138,0.000141,0.000138,0.000141,13.118229,0.001848
1707350400,0.000144,0.000144,0.000143,0.000143,14.884459,0.002126
1707264000,0.000148,0.000148,0.000145,0.000145,36.416871,0.005268
1707177600,0.000140,0.000140,0.000140,0.000140,0.000000,0.000000
1707091200,0.000140,0.000140,0.000140,0.000140,0.365578,0.000051
1707004800,0.000141,0.000141,0.000140,0.000140,338.594276,0.047549
1706918400,0.000143,0.000143,0.000141,0.000142,846.630000,0.120111
1706832000,0.000144,0.000144,0.000143,0.000143,88.354566,0.012675
1706745600,0.000141,0.000141,0.000141,0.000141,0.000000,0.000000
1706659200,0.000140,0.000141,0.000139,0.000141,779.644000,0.109930
1706572800,0.000142,0.000548,0.000142,0.000145,875.660160,0.126708
1706486400,0.000142,0.000142,0.000142,0.000142,0.000000,0.000000
1706400000,0.000142,0.000142,0.000142,0.000142,0.000000,0.000000
1706313600,0.000142,0.000142,0.000142,0.000142,0.000000,0.000000
1706227200,0.000142,0.000142,0.000142,0.000142,9.204491,0.001304
1706140800,0.000145,0.000145,0.000145,0.000145,0.000000,0.000000
1706054400,0.000145,0.000145,0.000145,0.000145,40.137335,0.005832
1705968000,0.000152,0.000152,0.000152,0.000152,0.000000,0.000000
1705881600,0.000151,0.000153,0.000151,0.000152,1627.008295,0.246671
1705795200,0.000154,0.000154,0.000154,0.000154,640.620000,0.098745
1705708800,0.000155,0.000159,0.000155,0.000159,793.345466,0.126110
1705622400,0.000153,0.000153,0.000150,0.000150,10.169522,0.001528
1705536000,0.000157,0.000157,0.000153,0.000153,1867.956160,0.285498
1705449600,0.000158,0.000158,0.000158,0.000158,33.985559,0.005373
1705363200,0.000158,0.000159,0.000158,0.000159,138.319390,0.021958
1705276800,0.000152,0.000157,0.000152,0.000157,1225.463534,0.192447
1705190400,0.000153,0.000153,0.000153,0.000153,0.000000,0.000000
1705104000,0.000156,0.000156,0.000153,0.000153,16.225603,0.002490
1705017600,0.000148,0.000154,0.000148,0.000154,200.824856,0.030935
1704931200,0.000147,0.000147,0.000143,0.000143,534.703750,0.076634
1704844800,0.000134,0.000144,0.000131,0.000140,8264.170405,1.159380
1704758400,0.000126,0.000129,0.000123,0.000129,537.119336,0.069321
1704672000,0.000137,0.000137,0.000135,0.000135,53.324307,0.007176
1704585600,0.000145,0.000145,0.000140,0.000140,11.307885,0.001581
1704499200,0.000145,0.000145,0.000145,0.000145,0.000000,0.000000
1704412800,0.000148,0.000149,0.000145,0.000145,116.241692,0.016909
1704326400,0.000152,0.000152,0.000148,0.000149,164.257361,0.024410
1704240000,0.000163,0.000163,0.000144,0.000150,1697.837257,0.253878
1704153600,0.000162,0.000162,0.000162,0.000162,7.400519,0.001200
1704067200,0.000170,0.000174,0.000163,0.000174,142.282054,0.024798
1703980800,0.000174,0.000175,0.000169,0.000175,80.460305,0.014063
1703894400,0.000183,0.000184,0.000172,0.000172,585.261915,0.100612
1703808000,0.000182,0.000182,0.000182,0.000182,27.000000,0.004923
1703721600,0.000177,0.000191,0.000175,0.000186,8660.620189,1.612174
1703635200,0.000170,0.000173,0.000167,0.000167,422.373255,0.070477
1703548800,0.000159,0.000181,0.000159,0.000174,3158.808707,0.550549
1703462400,0.000157,0.000164,0.000157,0.000158,2841.745099,0.449308
1703376000,0.000151,0.000162,0.000150,0.000162,6054.466633,0.982640
1703289600,0.000142,0.000142,0.000142,0.000142,660.034426,0.093494
1703203200,0.000142,0.000148,0.000140,0.000146,5989.170123,0.875796
1703116800,0.000135,0.000141,0.000135,0.000141,4492.290015,0.631481
1703030400,0.000138,0.000140,0.000135,0.000135,3450.925379,0.466462
1702944000,0.000138,0.000139,0.000138,0.000139,2528.137848,0.351108
1702857600,0.000145,0.000145,0.000138,0.000138,785.379544,0.108744
1702771200,0.000146,0.000148,0.000145,0.000146,283.008430,0.041319
1702684800,0.000142,0.000147,0.000142,0.000145,30930.611196,4.491125
1702598400,0.000145,0.000146,0.000144,0.000146,333.587244,0.048841
1702512000,0.000147,0.000147,0.000147,0.000147,25.341806,0.003727
1702425600,0.000150,0.000150,0.000145,0.000147,1211.965164,0.177832
1702339200,0.000149,0.000150,0.000149,0.000150,892.610910,0.134329
1702252800,0.000144,0.000149,0.000144,0.000148,407.967463,0.060347
1702166400,0.000153,0.000153,0.000145,0.000151,745.880260,0.112456
1702080000,0.000168,0.000168,0.000159,0.000159,1498.576748,0.237884
1701993600,0.000147,0.000147,0.000146,0.000147,253.659776,0.037255
1701907200,0.000141,0.000142,0.000141,0.000142,1649.030189,0.234179
1701820800,0.000140,0.000140,0.000136,0.000136,61.559690,0.008400
1701734400,0.000146,0.000146,0.000141,0.000141,1822.795386,0.257014
1701648000,0.000149,0.000149,0.000144,0.000146,962.304858,0.140458
1701561600,0.000155,0.000155,0.000152,0.000152,663.924631,0.101122
1701475200,0.000159,0.000159,0.000159,0.000159,623.700000,0.098919
1701388800,0.000158,0.000158,0.000158,0.000158,0.000000,0.000000
1701302400,0.000156,0.000158,0.000156,0.000158,764.776407,0.120544
1701216000,0.000165,0.000165,0.000159,0.000159,2077.715174,0.330564
1701129600,0.000174,0.000175,0.000163,0.000163,1821.303701,0.297328
1701043200,0.000168,0.000173,0.000163,0.000170,9289.306735,1.575559
1700956800,0.000159,0.000160,0.000158,0.000160,935.093701,0.149260
1700870400,0.000166,0.000166,0.000166,0.000166,330.204762,0.054718
1700784000,0.000167,0.000167,0.000162,0.000163,2784.448428,0.453169
1700697600,0.000165,0.000171,0.000163,0.000171,2251.763811,0.384511
1700611200,0.000139,0.000165,0.000138,0.000165,6961.976581,1.148935
1700524800,0.000140,0.000140,0.000132,0.000136,2985.514400,0.406448
1700438400,0.000141,0.000141,0.000141,0.000141,701.910000,0.098962
1700352000,0.000139,0.000139,0.000139,0.000139,271.060000,0.037653
1700265600,0.000138,0.000138,0.000138,0.000138,31.581970,0.004368
1700179200,0.000146,0.000146,0.000136,0.000138,2192.428997,0.302511
1700092800,0.000148,0.000148,0.000148,0.000148,670.230000,0.099013
1700006400,0.000146,0.000146,0.000142,0.000142,17.160393,0.002439
1699920000,0.000142,0.000142,0.000138,0.000140,1038.901816,0.145218
1699833600,0.000148,0.000151,0.000146,0.000151,91.445817,0.013829
1699747200,0.000142,0.000148,0.000142,0.000147,1404.162333,0.207044
1699660800,0.000145,0.000147,0.000145,0.000147,95.097943,0.013958
1699574400,0.000141,0.000145,0.000141,0.000145,1195.072778,0.173560
1699488000,0.000143,0.000143,0.000131,0.000135,4007.266089,0.539819
1699401600,0.000146,0.000148,0.000146,0.000147,1441.748091,0.211605
1699315200,0.000144,0.000144,0.000140,0.000140,1073.561761,0.150449
1699228800,0.000136,0.000145,0.000136,0.000144,544.136867,0.078399
1699142400,0.000136,0.000136,0.000136,0.000136,1.470913,0.000200
1699056000,0.000136,0.000136,0.000136,0.000136,100.000000,0.013597
1698969600,0.000133,0.000135,0.000133,0.000135,60.060619,0.008087
1698883200,0.000137,0.000137,0.000130,0.000133,767.646551,0.102358
1698796800,0.000125,0.000137,0.000125,0.000137,888.726466,0.121507
1698710400,0.000123,0.000123,0.000118,0.000119,1965.678714,0.233759
1698624000,0.000121,0.000121,0.000119,0.000120,1026.792673,0.123646
1698537600,0.000121,0.000121,0.000120,0.000120,1006.917000,0.121283
1698451200,0.000120,0.000120,0.000120,0.000120,3.548117,0.000424
1698364800,0.000119,0.000120,0.000119,0.000119,357.526252,0.042681
1698278400,0.000119,0.000119,0.000119,0.000119,0.000000,0.000000
1698192000,0.000123,0.000123,0.000119,0.000119,220.515999,0.026294
1698105600,0.000127,0.000128,0.000124,0.000124,138.889153,0.017229
1698019200,0.000142,0.000142,0.000128,0.000132,1233.671613,0.162721
1697932800,0.000138,0.000138,0.000138,0.000138,1.444356,0.000200
1697846400,0.000138,0.000138,0.000138,0.000138,867.930000,0.120182
1697760000,0.000135,0.000135,0.000135,0.000135,1.467244,0.000198
1697673600,0.000136,0.000136,0.000136,0.000136,64.743215,0.008825
1697587200,0.000135,0.000135,0.000135,0.000135,226.947492,0.030724
1697500800,0.000142,0.000142,0.000137,0.000137,378.312668,0.051829
1697414400,0.000149,0.000149,0.000143,0.000147,1216.825012,0.178873
1697328000,0.000152,0.000152,0.000152,0.000152,1.318478,0.000200
1697241600,0.000152,0.000152,0.000152,0.000152,801.360040,0.121558
1697155200,0.000150,0.000150,0.000150,0.000150,1.331558,0.000200
1697068800,0.000152,0.000152,0.000150,0.000150,795.983908,0.119557
1696982400,0.000151,0.000152,0.000151,0.000152,793.651000,0.120333
1696896000,0.000150,0.000150,0.000150,0.000150,31.975482,0.004796
1696809600,0.000153,0.000153,0.000153,0.000153,1.295169,0.000198
1696723200,0.000154,0.000154,0.000154,0.000154,1.295169,0.000200
1696636800,0.000154,0.000154,0.000154,0.000154,0.000000,0.000000
1696550400,0.000154,0.000154,0.000154,0.000154,0.000000,0.000000
1696464000,0.000154,0.000154,0.000154,0.000154,1.270003,0.000196
1696377600,0.000157,0.000157,0.000157,0.000157,1.238543,0.000195
1696291200,0.000161,0.000161,0.000161,0.000161,8.000000,0.001292
1696204800,0.000161,0.000162,0.000160,0.000162,1587.694310,0.256476
1696118400,0.000167,0.000168,0.000166,0.000166,899.865787,0.149819
1696032000,0.000162,0.000162,0.000162,0.000162,0.000000,0.000000
1695945600,0.000162,0.000162,0.000162,0.000162,13.047100,0.002108
1695859200,0.000161,0.000161,0.000161,0.000161,40.500012,0.006524
1695772800,0.000161,0.000161,0.000161,0.000161,17.281070,0.002785
1695686400,0.000161,0.000161,0.000161,0.000161,795.811000,0.128253
1695600000,0.000161,0.000161,0.000161,0.000161,0.000000,0.000000
1695513600,0.000161,0.000161,0.000161,0.000161,1.244633,0.000200
1695427200,0.000161,0.000161,0.000161,0.000161,796.130000,0.127930
1695340800,0.000160,0.000160,0.000160,0.000160,1.250391,0.000200
1695254400,0.000160,0.000160,0.000160,0.000160,1.244787,0.000199
1695168000,0.000161,0.000161,0.000161,0.000161,795.201000,0.127765
1695081600,0.000163,0.000163,0.000162,0.000162,42.162579,0.006843
1694995200,0.000164,0.000164,0.000164,0.000164,793.070000,0.130238
1694908800,0.000162,0.000162,0.000161,0.000161,799.454186,0.128984
1694822400,0.000163,0.000163,0.000163,0.000163,16.967487,0.002771
1694736000,0.000162,0.000164,0.000162,0.000164,802.356749,0.131402
1694649600,0.000162,0.000162,0.000154,0.000154,792.619000,0.122404
1694563200,0.000164,0.000164,0.000164,0.000164,1.209336,0.000198
1694476800,0.000162,0.000165,0.000162,0.000165,791.540695,0.130905
1694390400,0.000164,0.000164,0.000164,0.000164,1.206273,0.000198
1694304000,0.000166,0.000166,0.000166,0.000166,54.800035,0.009086
1694217600,0.000167,0.000167,0.000167,0.000167,1.194458,0.000200
1694131200,0.000168,0.000168,0.000167,0.000167,811.403000,0.135861
1694044800,0.000173,0.000173,0.000173,0.000173,1.156270,0.000200
1693958400,0.000173,0.000173,0.000173,0.000173,810.560000,0.140203
1693872000,0.000169,0.000169,0.000169,0.000169,818.294000,0.137899
1693785600,0.000171,0.000171,0.000171,0.000171,1.172745,0.000200
1693699200,0.000170,0.000171,0.000170,0.000171,821.307000,0.140066
1693612800,0.000169,0.000169,0.000169,0.000169,200.000000,0.033824
1693526400,0.000165,0.000165,0.000165,0.000165,200.000000,0.033080
1693440000,0.000170,0.000170,0.000168,0.000169,1246.586821,0.210873
1693353600,0.000171,0.000171,0.000171,0.000171,1.158883,0.000198
1693267200,0.000178,0.000178,0.000173,0.000173,1605.811039,0.277131
1693180800,0.000177,0.000178,0.000177,0.000178,191.817131,0.034049
1693094400,0.000177,0.000177,0.000177,0.000177,0.000000,0.000000
1693008000,0.000175,0.000177,0.000175,0.000177,801.389710,0.141790
1692921600,0.000177,0.000177,0.000177,0.000177,86.542650,0.015308
1692835200,0.000180,0.000180,0.000178,0.000178,1613.723000,0.287517
1692748800,0.000179,0.000181,0.000179,0.000181,192.553639,0.034762
1692662400,0.000180,0.000180,0.000178,0.000178,16.193413,0.002879
1692576000,0.000184,0.000184,0.000184,0.000184,1.067749,0.000196
1692489600,0.000186,0.000187,0.000186,0.000187,824.586184,0.154453
1692403200,0.000188,0.000191,0.000188,0.000190,809.330666,0.153765
1692316800,0.000187,0.000189,0.000187,0.000189,244.731746,0.046215
1692230400,0.000191,0.000191,0.000176,0.000187,2124.407323,0.396563
1692144000,0.000196,0.000196,0.000187,0.000187,122.912228,0.023018
1692057600,0.000213,0.000213,0.000205,0.000205,727.735725,0.149186
1691971200,0.000209,0.000214,0.000209,0.000214,739.812615,0.158349
1691884800,0.000210,0.000210,0.000207,0.000208,64.837276,0.013504
1691798400,0.000211,0.000211,0.000208,0.000209,58.089975,0.012119
1691712000,0.000209,0.000210,0.000208,0.000210,736.311555,0.154537
1691625600,0.000213,0.000213,0.000211,0.000212,21.991441,0.004664
1691539200,0.000204,0.000211,0.000204,0.000211,750.730480,0.158689
1691452800,0.000201,0.000203,0.000200,0.000203,236.432493,0.047998
1691366400,0.000205,0.000205,0.000201,0.000201,291.979663,0.058714
1691280000,0.000208,0.000209,0.000206,0.000206,13.053839,0.002692
1691193600,0.000206,0.000209,0.000205,0.000208,681.466283,0.141738
1691107200,0.000210,0.000210,0.000207,0.000207,1311.741114,0.271150
1691020800,0.000214,0.000214,0.000210,0.000213,144.493948,0.030747
1690934400,0.000221,0.000221,0.000213,0.000214,794.820734,0.170163
1690848000,0.000220,0.000228,0.000220,0.000227,618.259679,0.140357
1690761600,0.000219,0.000224,0.000219,0.000224,8.904771,0.001991
1690675200,0.000217,0.000219,0.000217,0.000217,29.081797,0.006318
1690588800,0.000206,0.000215,0.000206,0.000215,24.970309,0.005377
1690502400,0.000203,0.000203,0.000202,0.000202,5.695182,0.001153
1690416000,0.000201,0.000203,0.000199,0.000200,1362.186271,0.272723
1690329600,0.000198,0.000198,0.000198,0.000198,26.669442,0.005278
1690243200,0.000197,0.000197,0.000197,0.000197,5.276236,0.001039
1690156800,0.000201,0.000201,0.000201,0.000201,1.615231,0.000324
1690070400,0.000202,0.000205,0.000202,0.000204,26.145927,0.005330
1689984000,0.000206,0.000206,0.000204,0.000205,704.744383,0.144219
1689897600,0.000204,0.000213,0.000204,0.000208,53.274459,0.011073
1689811200,0.000196,0.000203,0.000195,0.000201,730.984772,0.146986
1689724800,0.000198,0.000200,0.000195,0.000196,765.500044,0.150069
1689638400,0.000197,0.000207,0.000197,0.000197,1343.623789,0.264613
1689552000,0.000189,0.000203,0.000189,0.000196,818.397369,0.160430
1689465600,0.000190,0.000191,0.000188,0.000189,765.235601,0.144668
1689379200,0.000195,0.000195,0.000194,0.000195,8.582305,0.001674
1689292800,0.000186,0.000196,0.000178,0.000193,1285.731660,0.248455
1689206400,0.000175,0.000186,0.000172,0.000186,801.680948,0.148888
1689120000,0.000175,0.000175,0.000173,0.000173,764.211672,0.132147
1689033600,0.000172,0.000172,0.000171,0.000171,12.604015,0.002154
1688947200,0.000170,0.000172,0.000170,0.000172,16.279815,0.002801
1688860800,0.000170,0.000174,0.000170,0.000174,5.236485,0.000911
1688774400,0.000177,0.000177,0.000173,0.000173,780.403583,0.135330
1688688000,0.000177,0.000183,0.000177,0.000181,10.857907,0.001964
1688601600,0.000177,0.000180,0.000175,0.000180,1018.016322,0.183528
1688515200,0.000180,0.000190,0.000170,0.000170,791.140770,0.134518
1688428800,0.000179,0.000180,0.000177,0.000180,787.274582,0.141765
1688342400,0.000181,0.000184,0.000178,0.000178,1064.980186,0.189769
1688256000,0.000180,0.000185,0.000179,0.000180,1689.764870,0.303921
1688169600,0.000174,0.000181,0.000171,0.000180,807.964790,0.145434
1688083200,0.000165,0.000173,0.000165,0.000173,2459.919973,0.424656
1687996800,0.000161,0.000163,0.000161,0.000162,24.570621,0.003985
1687910400,0.000170,0.000170,0.000160,0.000161,220.808068,0.035510
1687824000,0.000174,0.000175,0.000172,0.000172,866.826713,0.148982
1687737600,0.000180,0.000182,0.000174,0.000174,461.788141,0.080471
1687651200,0.000158,0.000179,0.000158,0.000179,3088.982253,0.551600
1687564800,0.000157,0.000159,0.000154,0.000155,154.020045,0.023884
1687478400,0.000159,0.000160,0.000156,0.000158,57.832220,0.009165
1687392000,0.000159,0.000163,0.000158,0.000158,94.524624,0.014954
1687305600,0.000161,0.000161,0.000155,0.000155,326.310187,0.050555
1687219200,0.000163,0.000164,0.000162,0.000162,797.056000,0.129251
1687132800,0.000169,0.000169,0.000167,0.000167,20.021048,0.003344
1687046400,0.000171,0.000172,0.000169,0.000172,1534.289566,0.264496
1686960000,0.000172,0.000175,0.000170,0.000170,2305.075663,0.392485
1686873600,0.000173,0.000175,0.000172,0.000175,834.085233,0.145915
1686787200,0.000178,0.000182,0.000172,0.000172,1908.780751,0.328768
1686700800,0.000165,0.000178,0.000165,0.000175,286.292823,0.050239
1686614400,0.000165,0.000172,0.000164,0.000165,91.251588,0.015030
1686528000,0.000158,0.000164,0.000158,0.000164,180.928248,0.029692
1686441600,0.000156,0.000158,0.000156,0.000156,21.323583,0.003334
1686355200,0.000180,0.000180,0.000141,0.000158,1061.289222,0.167291
1686268800,0.000176,0.000176,0.000170,0.000170,14.136332,0.002403
1686182400,0.000173,0.000175,0.000173,0.000174,28.101580,0.004901
1686096000,0.000175,0.000178,0.000170,0.000170,22.039487,0.003753
1686009600,0.000183,0.000184,0.000178,0.000178,961.453714,0.171216
1685923200,0.000185,0.000187,0.000178,0.000183,1908.809798,0.349312
1685836800,0.000187,0.000187,0.000175,0.000186,824.213557,0.153230
1685750400,0.000187,0.000187,0.000187,0.000187,0.000000,0.000000
1685664000,0.000186,0.000187,0.000186,0.000187,23.493235,0.004389
1685577600,0.000184,0.000187,0.000184,0.000186,8.618319,0.001603
1685491200,0.000186,0.000187,0.000184,0.000184,77.749493,0.014339
1685404800,0.000186,0.000186,0.000185,0.000185,15.229504,0.002821
1685318400,0.000184,0.000186,0.000184,0.000185,819.797131,0.151564
1685232000,0.000187,0.000189,0.000185,0.000185,1609.550516,0.297316
1685145600,0.000188,0.000188,0.000186,0.000187,1603.343407,0.300178
1685059200,0.000189,0.000189,0.000185,0.000185,2771.509317,0.513339
1684972800,0.000188,0.000189,0.000187,0.000187,849.951600,0.158754
1684886400,0.000187,0.000189,0.000187,0.000189,849.651409,0.160584
1684800000,0.000186,0.000186,0.000186,0.000186,1.056636,0.000197
1684713600,0.000191,0.000191,0.000189,0.000189,56.003296,0.010600
1684627200,0.000194,0.000194,0.000192,0.000192,8.498706,0.001633
1684540800,0.000196,0.000196,0.000195,0.000195,883.857880,0.172538
1684454400,0.000197,0.000197,0.000197,0.000197,4.017884,0.000793
1684368000,0.000195,0.000198,0.000194,0.000196,59.622765,0.011693
1684281600,0.000191,0.000193,0.000191,0.000193,125.333108,0.024246
1684195200,0.000189,0.000191,0.000188,0.000191,835.802952,0.159689
1684108800,0.000189,0.000190,0.000187,0.000187,902.588641,0.168586
1684022400,0.000192,0.000192,0.000191,0.000192,845.899168,0.162015
1683936000,0.000190,0.000190,0.000190,0.000190,849.355000,0.161310
1683849600,0.000188,0.000194,0.000188,0.000194,1098.962017,0.212979
1683763200,0.000187,0.000188,0.000184,0.000188,1406.642705,0.264111
1683676800,0.000179,0.000186,0.000179,0.000186,118.120118,0.021941
1683590400,0.000180,0.000181,0.000179,0.000179,61.947506,0.011081
1683504000,0.000184,0.000184,0.000178,0.000180,67.151925,0.012060
1683417600,0.000183,0.000184,0.000183,0.000184,23.792106,0.004373
1683331200,0.000188,0.000188,0.000184,0.000185,31.962401,0.005920
1683244800,0.000181,0.000189,0.000181,0.000187,185.460270,0.034722
1683158400,0.000184,0.000184,0.000182,0.000182,19.195308,0.003493
1683072000,0.000186,0.000186,0.000183,0.000186,27.541753,0.005111
1682985600,0.000190,0.000190,0.000190,0.000190,0.000000,0.000000
1682899200,0.000189,0.000190,0.000189,0.000190,7.316481,0.001391
1682812800,0.000191,0.000191,0.000189,0.000189,7.808349,0.001473
1682726400,0.000188,0.000190,0.000188,0.000190,22.015864,0.004188
1682640000,0.000188,0.000188,0.000187,0.000188,19.638180,0.003692
1682553600,0.000188,0.000189,0.000188,0.000189,5.093262,0.000963
1682467200,0.000193,0.000193,0.000187,0.000187,718.009185,0.134081
1682380800,0.000195,0.000195,0.000192,0.000193,169.425565,0.032701
1682294400,0.000197,0.000198,0.000195,0.000196,29.668026,0.005803
1682208000,0.000198,0.000200,0.000195,0.000195,32.931765,0.006429
1682121600,0.000201,0.000203,0.000198,0.000198,1596.289763,0.315571
1682035200,0.000206,0.000206,0.000200,0.000200,1622.608451,0.323954
1681948800,0.000204,0.000207,0.000201,0.000205,2678.453547,0.547904
1681862400,0.000208,0.000213,0.000199,0.000201,2165.023607,0.436122
1681776000,0.000208,0.000210,0.000207,0.000209,642.850636,0.134491
1681689600,0.000206,0.000208,0.000206,0.000208,1494.104242,0.310251
1681603200,0.000204,0.000211,0.000204,0.000208,2720.735353,0.567164
1681516800,0.000206,0.000208,0.000205,0.000207,1025.473613,0.211986
1681430400,0.000204,0.000209,0.000204,0.000208,1954.011930,0.405848
1681344000,0.000197,0.000206,0.000197,0.000204,1725.308615,0.352101
1681257600,0.000194,0.000199,0.000193,0.000198,965.884436,0.190772
1681171200,0.000202,0.000203,0.000199,0.000199,89.696841,0.017814
1681084800,0.000207,0.000208,0.000206,0.000206,15.956157,0.003283
1680998400,0.000212,0.000212,0.000209,0.000209,45.421298,0.009480
1680912000,0.000215,0.000215,0.000215,0.000215,8.471464,0.001817
1680825600,0.000215,0.000215,0.000214,0.000215,11.351816,0.002438
1680739200,0.000220,0.000220,0.000217,0.000217,865.859227,0.187718
1680652800,0.000218,0.000220,0.000218,0.000220,8.003516,0.001761
1680566400,0.000219,0.000219,0.000219,0.000219,822.632000,0.180206
1680480000,0.000211,0.000214,0.000211,0.000214,51.383278,0.010983
1680393600,0.000213,0.000213,0.000213,0.000213,3.991731,0.000852
1680307200,0.000213,0.000217,0.000212,0.000214,21.955708,0.004691
1680220800,0.000212,0.000215,0.000212,0.000215,71.456913,0.015349
1680134400,0.000208,0.000210,0.000206,0.000210,198.652268,0.041713
1680048000,0.000215,0.000216,0.000210,0.000211,190.078124,0.040089
1679961600,0.000210,0.000214,0.000210,0.000214,38.519586,0.008251
1679875200,0.000206,0.000209,0.000206,0.000207,47.993937,0.009925
1679788800,0.000208,0.000210,0.000207,0.000207,51.064358,0.010559
1679702400,0.000214,0.000214,0.000210,0.000210,18.804948,0.003956
1679616000,0.000221,0.000221,0.000212,0.000213,41.928276,0.008947
1679529600,0.000222,0.000223,0.000222,0.000223,47.296130,0.010559
1679443200,0.000228,0.000228,0.000217,0.000223,104.590555,0.023276
1679356800,0.000221,0.000231,0.000219,0.000229,61.123571,0.013989
1679270400,0.000231,0.000236,0.000223,0.000223,1748.108957,0.389828
1679184000,0.000242,0.000245,0.000233,0.000234,220.809064,0.051725
1679097600,0.000234,0.000243,0.000234,0.000240,192.129043,0.046034
1679011200,0.000236,0.000236,0.000230,0.000232,99.456851,0.023095
1678924800,0.000242,0.000244,0.000236,0.000236,169.703657,0.040108
1678838400,0.000257,0.000258,0.000238,0.000243,73.832242,0.017922
1678752000,0.000251,0.000259,0.000242,0.000256,1665.220520,0.426496
1678665600,0.000264,0.000273,0.000251,0.000253,1715.945798,0.434735
1678579200,0.000261,0.000271,0.000260,0.000268,1017.934946,0.272695
1678492800,0.000279,0.000280,0.000260,0.000267,12459.966049,3.324568
1678406400,0.000281,0.000285,0.000274,0.000279,1049.845287,0.292413
1678320000,0.000281,0.000286,0.000280,0.000282,101.750933,0.028696
1678233600,0.000290,0.000292,0.000277,0.000282,1830.660179,0.516356
1678147200,0.000283,0.000290,0.000282,0.000288,54.068229,0.015598
1678060800,0.000284,0.000286,0.000281,0.000283,49.870444,0.014120
1677974400,0.000277,0.000284,0.000277,0.000284,700.855200,0.199064
1677888000,0.000279,0.000280,0.000274,0.000274,35.112263,0.009632
1677801600,0.000278,0.000281,0.000275,0.000280,203.567637,0.057060
1677715200,0.000289,0.000290,0.000282,0.000283,726.127415,0.205697
1677628800,0.000283,0.000289,0.000282,0.000289,82.384920,0.023813
1677542400,0.000274,0.000282,0.000274,0.000279,708.933374,0.197863
1677456000,0.000281,0.000281,0.000275,0.000275,1404.437520,0.385841
1677369600,0.000279,0.000283,0.000279,0.000281,1537.991319,0.432852
1677283200,0.000285,0.000286,0.000276,0.000280,123.121271,0.034447
1677196800,0.000292,0.000295,0.000281,0.000285,824.733361,0.234678
1677110400,0.000287,0.000292,0.000286,0.000291,98.857491,0.028745
1677024000,0.000287,0.000289,0.000284,0.000286,354.342822,0.101484
1676937600,0.000298,0.000298,0.000285,0.000289,66.759977,0.019268
1676851200,0.000295,0.000298,0.000290,0.000297,66.462208,0.019742
1676764800,0.000285,0.000305,0.000284,0.000296,2172.060041,0.643451
1676678400,0.000274,0.000288,0.000274,0.000283,73.938692,0.020899
1676592000,0.000275,0.000282,0.000272,0.000274,82.847070,0.022666
1676505600,0.000285,0.000285,0.000274,0.000274,154.992139,0.042485
1676419200,0.000296,0.000297,0.000284,0.000285,766.840382,0.218826
1676332800,0.000287,0.000295,0.000286,0.000295,715.369912,0.210963
1676246400,0.000290,0.000292,0.000284,0.000287,91.689245,0.026331
1676160000,0.000296,0.000301,0.000291,0.000291,746.536717,0.217391
1676073600,0.000296,0.000299,0.000294,0.000296,23.657020,0.006994
1675987200,0.000290,0.000296,0.000288,0.000295,747.379536,0.220604
1675900800,0.000296,0.000299,0.000289,0.000290,252.730890,0.073244
1675814400,0.000301,0.000302,0.000292,0.000293,756.362710,0.221387
1675728000,0.000293,0.000300,0.000293,0.000299,738.959579,0.220720
1675641600,0.000301,0.000302,0.000293,0.000293,304.487730,0.089315
1675555200,0.000310,0.000312,0.000297,0.000302,2323.965294,0.701047
1675468800,0.000299,0.000313,0.000299,0.000310,1439.993554,0.446916
1675382400,0.000303,0.000306,0.000294,0.000302,84.354157,0.025476
1675296000,0.000288,0.000310,0.000288,0.000305,1134.479850,0.346062
1675209600,0.000285,0.000290,0.000277,0.000289,127.796792,0.036973
1675123200,0.000286,0.000287,0.000282,0.000284,72.523287,0.020622
1675036800,0.000292,0.000295,0.000281,0.000286,82.633520,0.023638
1674950400,0.000288,0.000297,0.000288,0.000291,289.952042,0.084335
1674864000,0.000298,0.000299,0.000286,0.000286,71.169597,0.020342
1674777600,0.000294,0.000297,0.000289,0.000297,99.674666,0.029631
1674691200,0.000284,0.000293,0.000284,0.000293,95.274292,0.027935
1674604800,0.000276,0.000285,0.000274,0.000285,280.959195,0.080141
1674518400,0.000292,0.000295,0.000278,0.000280,71.538395,0.020044
1674432000,0.000305,0.000307,0.000294,0.000294,87.604988,0.025729
1674345600,0.000293,0.000310,0.000291,0.000303,78.564506,0.023807
1674259200,0.000294,0.000299,0.000287,0.000292,109.603558,0.031982
1674172800,0.000291,0.000297,0.000291,0.000293,37.768232,0.011048
1674086400,0.000294,0.000296,0.000289,0.000292,91.491313,0.026729
1674000000,0.000301,0.000316,0.000290,0.000292,782.761841,0.228582
1673913600,0.000309,0.000311,0.000300,0.000301,135.021112,0.040621
1673827200,0.000317,0.000318,0.000305,0.000308,763.124772,0.235088
1673740800,0.000313,0.000320,0.000310,0.000317,2949.691025,0.934728
1673654400,0.000314,0.000330,0.000308,0.000315,1030.205038,0.324731
1673568000,0.000323,0.000327,0.000314,0.000318,871.396834,0.277488
1673481600,0.000331,0.000336,0.000321,0.000326,105.066157,0.034273
1673395200,0.000330,0.000335,0.000323,0.000330,1683.333003,0.555079
1673308800,0.000339,0.000339,0.000329,0.000333,38.915512,0.012945
1673222400,0.000327,0.000343,0.000327,0.000337,879.310637,0.296222
1673136000,0.000318,0.000326,0.000318,0.000326,23.128609,0.007534
1673049600,0.000326,0.000326,0.000320,0.000320,9.249798,0.002959
1672963200,0.000321,0.000325,0.000315,0.000325,15.676902,0.005101
1672876800,0.000328,0.000330,0.000319,0.000320,17.354540,0.005553
1672790400,0.000326,0.000332,0.000326,0.000326,52.239539,0.017042
1672704000,0.000324,0.000324,0.000318,0.000322,27.252636,0.008784
1672617600,0.000315,0.000326,0.000313,0.000321,176.107972,0.056608
1672531200,0.000309,0.000317,0.000309,0.000316,791.376318,0.250407
1672444800,0.000307,0.000314,0.000306,0.000314,39.214335,0.012305
1672358400,0.000304,0.000309,0.000303,0.000306,1936.255819,0.591817
1672272000,0.000300,0.000308,0.000298,0.000304,53.942768,0.016408
1672185600,0.000310,0.000310,0.000299,0.000299,144.591617,0.043302
1672099200,0.000308,0.000316,0.000306,0.000311,30.431959,0.009453
1672012800,0.000307,0.000309,0.000305,0.000308,25.599868,0.007886
1671926400,0.000311,0.000311,0.000303,0.000306,34.268128,0.010485
1671840000,0.000312,0.000313,0.000309,0.000309,84.492961,0.026108
1671753600,0.000317,0.000320,0.000310,0.000312,189.324035,0.058990
1671667200,0.000320,0.000320,0.000309,0.000317,266.780411,0.084609
1671580800,0.000316,0.000316,0.000312,0.000316,87.446281,0.027654
1671494400,0.000310,0.000318,0.000309,0.000316,155.444033,0.049103
1671408000,0.000321,0.000321,0.000305,0.000311,974.147225,0.303233
1671321600,0.000319,0.000322,0.000317,0.000320,33.669708,0.010767
1671235200,0.000320,0.000325,0.000317,0.000321,132.508494,0.042533
1671148800,0.000336,0.000337,0.000317,0.000320,69.719526,0.022284
1671062400,0.000332,0.000342,0.000330,0.000335,337.047519,0.112827
1670976000,0.000343,0.000344,0.000323,0.000333,82.070438,0.027348
1670889600,0.000343,0.000348,0.000339,0.000342,64.759396,0.022161
1670803200,0.000350,0.000351,0.000340,0.000344,43.835607,0.015075
1670716800,0.000355,0.000356,0.000346,0.000346,828.650414,0.286721
1670630400,0.000360,0.000362,0.000354,0.000354,23.260696,0.008241
1670544000,0.000355,0.000362,0.000354,0.000356,22.321296,0.007955
1670457600,0.000353,0.000362,0.000353,0.000360,33.969881,0.012215
1670371200,0.000361,0.000361,0.000352,0.000355,15.670267,0.005565
1670284800,0.000364,0.000366,0.000358,0.000358,35.815394,0.012834
1670198400,0.000366,0.000370,0.000362,0.000363,54.251241,0.019718
1670112000,0.000362,0.000368,0.000361,0.000366,273.423379,0.100059
1670025600,0.000380,0.000380,0.000361,0.000363,45.075662,0.016377
1669939200,0.000352,0.000382,0.000351,0.000370,992.635770,0.367315
1669852800,0.000342,0.000349,0.000336,0.000348,70.570325,0.024561
1669766400,0.000334,0.000357,0.000334,0.000342,1433.354538,0.489863
1669680000,0.000330,0.000340,0.000330,0.000332,32.133525,0.010656
1669593600,0.000320,0.000328,0.000320,0.000327,1518.621047,0.496042
1669507200,0.000333,0.000337,0.000331,0.000337,184.057687,0.061983
1669420800,0.000331,0.000338,0.000328,0.000329,54.279879,0.017844
1669334400,0.000325,0.000333,0.000322,0.000329,1527.928554,0.501940
1669248000,0.000331,0.000334,0.000326,0.000329,28.683723,0.009434
1669161600,0.000329,0.000332,0.000326,0.000331,744.301664,0.246170
1669075200,0.000328,0.000330,0.000317,0.000327,3092.268443,1.012007
1668988800,0.000330,0.000337,0.000314,0.000328,3187.625774,1.044649
1668902400,0.000348,0.000349,0.000333,0.000334,1617.262540,0.540813
1668816000,0.000348,0.000353,0.000343,0.000344,1597.405691,0.548853
1668729600,0.000344,0.000360,0.000344,0.000350,1661.918145,0.581904
1668643200,0.000359,0.000361,0.000344,0.000344,113.605061,0.039119
1668556800,0.000377,0.000378,0.000357,0.000357,895.290198,0.319511
1668470400,0.000367,0.000380,0.000356,0.000373,1073.184937,0.399965
1668384000,0.000357,0.000390,0.000334,0.000360,1892.862795,0.680655
1668297600,0.000330,0.000361,0.000329,0.000356,1660.834888,0.590477
1668211200,0.000359,0.000365,0.000318,0.000332,1108.989403,0.367730
1668124800,0.000330,0.000366,0.000302,0.000356,2113.570444,0.751374
1668038400,0.000310,0.000336,0.000292,0.000324,5472.244027,1.774266
1667952000,0.000326,0.000336,0.000290,0.000308,9869.255707,3.037658
1667865600,0.000341,0.000390,0.000317,0.000327,6308.420413,2.063674
1667779200,0.000340,0.000363,0.000334,0.000340,3196.399679,1.087096
1667692800,0.000354,0.000363,0.000339,0.000339,4462.625235,1.513410
1667606400,0.000358,0.000365,0.000354,0.000362,2750.799394,0.995129
1667520000,0.000339,0.000367,0.000339,0.000356,2984.848670,1.062994
1667433600,0.000352,0.000363,0.000343,0.000344,2550.120756,0.876170
1667347200,0.000347,0.000356,0.000336,0.000351,2797.447590,0.983303
1667260800,0.000339,0.000361,0.000339,0.000348,241.339385,0.084068
1667174400,0.000332,0.000343,0.000329,0.000337,1662.225810,0.559455
1667088000,0.000340,0.000353,0.000334,0.000335,3811.656853,1.277172
1667001600,0.000333,0.000343,0.000325,0.000338,3226.714422,1.090662
1666915200,0.000335,0.000342,0.000325,0.000333,2886.252127,0.961613
1666828800,0.000321,0.000346,0.000310,0.000338,8894.389477,3.010128
1666742400,0.000328,0.000331,0.000323,0.000323,1646.335039,0.531174
1666656000,0.000321,0.000335,0.000315,0.000327,3406.302504,1.115428
1666569600,0.000321,0.000323,0.000316,0.000318,172.394507,0.054832
1666483200,0.000319,0.000322,0.000314,0.000322,4611.616954,1.483419
1666396800,0.000314,0.000320,0.000313,0.000318,2905.831867,0.922718
1666310400,0.000319,0.000320,0.000311,0.000313,2647.153009,0.828400
1666224000,0.000344,0.000344,0.000318,0.000320,777.929971,0.248766
1666137600,0.000343,0.000352,0.000334,0.000345,3636.821603,1.254158
1666051200,0.000327,0.000343,0.000320,0.000339,2416.405799,0.818195
1665964800,0.000315,0.000329,0.000315,0.000328,282.421226,0.092496
1665878400,0.000316,0.000321,0.000314,0.000317,91.111691,0.028902
1665792000,0.000326,0.000327,0.000315,0.000317,2312.043812,0.733773
1665705600,0.000317,0.000327,0.000316,0.000326,1428.227860,0.465088
1665619200,0.000315,0.000322,0.000292,0.000316,1545.459903,0.488937
1665532800,0.000315,0.000321,0.000315,0.000316,262.770735,0.082957
1665446400,0.000332,0.000340,0.000314,0.000314,831.843150,0.261340
1665360000,0.000341,0.000343,0.000329,0.000333,465.542933,0.155226
1665273600,0.000336,0.000341,0.000335,0.000340,3476.012612,1.180106
1665187200,0.000348,0.000349,0.000334,0.000335,2098.763788,0.703506
1665100800,0.000348,0.000357,0.000344,0.000347,409.025733,0.141965
1665014400,0.000337,0.000348,0.000337,0.000345,2317.220200,0.798699
1664928000,0.000326,0.000338,0.000325,0.000337,3781.085673,1.272865
1664841600,0.000340,0.000347,0.000327,0.000327,396.374991,0.129654
1664755200,0.000327,0.000347,0.000324,0.000338,4100.867296,1.387816
1664668800,0.000331,0.000339,0.000324,0.000328,6266.141100,2.055796
1664582400,0.000330,0.000344,0.000330,0.000332,4167.735817,1.382480
1664496000,0.000324,0.000345,0.000322,0.000332,10460.497281,3.470688
1664409600,0.000338,0.000338,0.000322,0.000325,2249.919972,0.731831
1664323200,0.000335,0.000339,0.000320,0.000337,4923.357868,1.659910
1664236800,0.000310,0.000339,0.000310,0.000333,4058.508419,1.351646
1664150400,0.000300,0.000313,0.000296,0.000308,8026.137494,2.471970
1664064000,0.000306,0.000312,0.000301,0.000302,154.473815,0.046600
1663977600,0.000308,0.000317,0.000306,0.000306,783.314789,0.239373
1663891200,0.000298,0.000313,0.000298,0.000306,493.565770,0.151248
1663804800,0.000290,0.000305,0.000290,0.000299,1032.631091,0.308426
1663718400,0.000281,0.000291,0.000270,0.000289,918.430802,0.265123
1663632000,0.000281,0.000286,0.000281,0.000281,217.152450,0.061007
1663545600,0.000278,0.000288,0.000278,0.000281,3347.008489,0.941212
1663459200,0.000299,0.000300,0.000277,0.000284,415.404684,0.117946
1663372800,0.000296,0.000299,0.000295,0.000298,159.033575,0.047365
1663286400,0.000296,0.000298,0.000292,0.000295,520.868675,0.153417
1663200000,0.000303,0.000306,0.000296,0.000299,1783.042406,0.533950
1663113600,0.000299,0.000305,0.000299,0.000305,65.361953,0.019905
1663027200,0.000296,0.000296,0.000292,0.000294,6.304995,0.001853
1662940800,0.000296,0.000312,0.000296,0.000297,167.401297,0.049718
1662854400,0.000304,0.000308,0.000300,0.000300,1752.590525,0.525427
1662768000,0.000307,0.000309,0.000307,0.000309,24.880282,0.007684
1662681600,0.000316,0.000316,0.000302,0.000302,584.407162,0.176567
1662595200,0.000319,0.000323,0.000318,0.000323,31.081169,0.010027
1662508800,0.000313,0.000316,0.000308,0.000316,4340.967640,1.370834
1662422400,0.000335,0.000335,0.000310,0.000312,657.937103,0.205257
1662336000,0.000325,0.000326,0.000316,0.000321,67.190113,0.021573
1662249600,0.000319,0.000327,0.000318,0.000323,114.675949,0.037051
1662163200,0.000319,0.000320,0.000317,0.000319,48.603474,0.015490
1662076800,0.000312,0.000328,0.000312,0.000320,1943.787313,0.621448
1661990400,0.000308,0.000315,0.000301,0.000315,1676.231568,0.527845
1661904000,0.000313,0.000314,0.000306,0.000306,13331.201652,4.081747
1661817600,0.000312,0.000314,0.000304,0.000311,322.514813,0.100212
1661731200,0.000293,0.000314,0.000293,0.000314,546.042519,0.171315
1661644800,0.000300,0.000303,0.000293,0.000293,2357.134824,0.690122
1661558400,0.000304,0.000305,0.000299,0.000302,619.972224,0.187473
1661472000,0.000324,0.000324,0.000303,0.000303,1326.271783,0.402311
1661385600,0.000328,0.000331,0.000323,0.000326,1497.442388,0.488840
1661299200,0.000327,0.000331,0.000324,0.000331,2096.432256,0.693227
1661212800,0.000332,0.000333,0.000326,0.000330,31.624284,0.010450
1661126400,0.000331,0.000331,0.000318,0.000324,416.398770,0.134784
1661040000,0.000338,0.000338,0.000335,0.000337,225.138972,0.075917
1660953600,0.000336,0.000339,0.000325,0.000327,46.714066,0.015265
1660867200,0.000326,0.000331,0.000314,0.000330,2504.097259,0.826352
1660780800,0.000344,0.000344,0.000327,0.000328,17094.725806,5.600232
1660694400,0.000354,0.000354,0.000340,0.000340,565.922110,0.192549
1660608000,0.000345,0.000351,0.000344,0.000351,71.684978,0.025149
1660521600,0.000363,0.000363,0.000352,0.000353,618.024230,0.217872
1660435200,0.000382,0.000383,0.000366,0.000366,315.159894,0.115273
1660348800,0.000375,0.000375,0.000370,0.000370,51.128034,0.018893
1660262400,0.000380,0.000380,0.000371,0.000377,132.861896,0.050084
1660176000,0.000384,0.000388,0.000371,0.000374,3473.037996,1.297666
1660089600,0.000364,0.000390,0.000361,0.000377,2314.190616,0.872380
1660003200,0.000368,0.000370,0.000356,0.000364,11213.990525,4.078865
1659916800,0.000381,0.000383,0.000370,0.000370,37.473024,0.013873
1659830400,0.000382,0.000386,0.000382,0.000386,94.259978,0.036371
1659744000,0.000385,0.000392,0.000380,0.000385,3128.307320,1.203084
1659657600,0.000394,0.000398,0.000381,0.000383,2199.836487,0.841811
1659571200,0.000384,0.000395,0.000381,0.000390,3609.372454,1.407655
1659484800,0.000358,0.000400,0.000354,0.000400,4224.065966,1.691232
1659398400,0.000345,0.000366,0.000344,0.000363,835.145556,0.303500
1659312000,0.000360,0.000360,0.000355,0.000359,132.134262,0.047379
1659225600,0.000373,0.000385,0.000369,0.000369,458.603252,0.169229
1659139200,0.000378,0.000381,0.000358,0.000371,627.081802,0.232534
1659052800,0.000389,0.000389,0.000363,0.000380,837.087003,0.317733
1658966400,0.000352,0.000402,0.000352,0.000387,3533.189151,1.368722
1658880000,0.000314,0.000356,0.000314,0.000351,3788.904412,1.331080
1658793600,0.000329,0.000329,0.000300,0.000301,1102.667274,0.331682
1658707200,0.000321,0.000340,0.000312,0.000334,5105.085099,1.702750
1658620800,0.000310,0.000322,0.000307,0.000320,2895.487769,0.926556
1658534400,0.000309,0.000311,0.000300,0.000311,769.891863,0.239182
1658448000,0.000313,0.000314,0.000302,0.000304,2376.262338,0.722835
1658361600,0.000295,0.000319,0.000294,0.000314,3444.402055,1.080888
1658275200,0.000314,0.000323,0.000293,0.000294,5285.246396,1.554285
1658188800,0.000326,0.000345,0.000314,0.000314,2914.026296,0.915995
1658102400,0.000336,0.000342,0.000322,0.000332,2447.982891,0.811629
1658016000,0.000341,0.000341,0.000329,0.000335,1096.704251,0.367824
1657929600,0.000325,0.000358,0.000325,0.000346,2391.705165,0.827769
1657843200,0.000346,0.000347,0.000325,0.000333,3128.904624,1.043208
1657756800,0.000303,0.000343,0.000299,0.000342,10203.024562,3.489536
1657670400,0.000288,0.000305,0.000276,0.000301,2804.658093,0.843557
1657584000,0.000277,0.000292,0.000277,0.000289,5294.744824,1.529387
1657497600,0.000298,0.000302,0.000261,0.000279,5712.592925,1.592671
1657411200,0.000298,0.000305,0.000288,0.000301,5625.694119,1.694459
1657324800,0.000275,0.000302,0.000275,0.000300,2830.409011,0.849576
1657238400,0.000269,0.000270,0.000258,0.000267,5132.353297,1.368285
1657152000,0.000260,0.000276,0.000259,0.000265,5728.199170,1.520780
1657065600,0.000264,0.000269,0.000260,0.000261,3410.360119,0.891229
1656979200,0.000266,0.000267,0.000260,0.000265,3845.819653,1.018181
1656892800,0.000256,0.000256,0.000247,0.000255,1178.108432,0.301007
1656806400,0.000255,0.000256,0.000249,0.000255,857.164510,0.218380
1656720000,0.000250,0.000262,0.000247,0.000255,1172.096122,0.298756
1656633600,0.000252,0.000253,0.000246,0.000253,7963.208779,2.011825
1656547200,0.000254,0.000257,0.000243,0.000252,16629.702848,4.197004
1656460800,0.000242,0.000260,0.000239,0.000254,9134.297828,2.316367
1656374400,0.000258,0.000261,0.000240,0.000243,6433.500138,1.560703
1656288000,0.000269,0.000275,0.000254,0.000258,7370.879125,1.901466
1656201600,0.000264,0.000283,0.000259,0.000268,2169.576043,0.580665
1656115200,0.000258,0.000267,0.000250,0.000262,7683.378069,2.009511
1656028800,0.000272,0.000275,0.000255,0.000260,11960.241897,3.104161
1655942400,0.000251,0.000271,0.000251,0.000267,6357.792948,1.697721
1655856000,0.000230,0.000258,0.000224,0.000253,8634.730456,2.188127
1655769600,0.000211,0.000244,0.000210,0.000231,11167.065337,2.575014
1655683200,0.000204,0.000210,0.000200,0.000204,2515.666204,0.513020
1655596800,0.000193,0.000207,0.000193,0.000202,7010.247708,1.417051
1655510400,0.000194,0.000198,0.000189,0.000192,9954.434471,1.913939
1655424000,0.000189,0.000193,0.000185,0.000193,2620.189714,0.506011
1655337600,0.000196,0.000198,0.000184,0.000187,21383.835366,3.989582
1655251200,0.000175,0.000197,0.000168,0.000195,14079.899064,2.744313
1655164800,0.000165,0.000175,0.000160,0.000175,14732.711662,2.582497
1655078400,0.000153,0.000161,0.000145,0.000160,19423.147606,3.098575
1654992000,0.000155,0.000159,0.000150,0.000154,16015.661698,2.469935
1654905600,0.000165,0.000168,0.000153,0.000154,16162.685304,2.485498
1654819200,0.000173,0.000173,0.000165,0.000165,12621.332877,2.087442
1654732800,0.000168,0.000175,0.000168,0.000172,2592.589157,0.445796
1654646400,0.000169,0.000171,0.000168,0.000168,8573.903509,1.441702
1654560000,0.000171,0.000174,0.000168,0.000168,11567.416988,1.944830
1654473600,0.000171,0.000172,0.000167,0.000171,15337.722121,2.623211
1654387200,0.000171,0.000173,0.000166,0.000172,1671.443910,0.287137
1654300800,0.000171,0.000173,0.000168,0.000172,2005.848297,0.344224
1654214400,0.000174,0.000174,0.000168,0.000170,1791.111443,0.304901
1654128000,0.000172,0.000175,0.000170,0.000174,2688.502246,0.468606
1654041600,0.000179,0.000181,0.000173,0.000174,10028.406736,1.743639
1653955200,0.000179,0.000184,0.000176,0.000180,6589.469351,1.183996
1653868800,0.000168,0.000179,0.000168,0.000178,12160.291283,2.165018
1653782400,0.000173,0.000173,0.000165,0.000168,1353.284601,0.227081
1653696000,0.000167,0.000172,0.000162,0.000172,4955.656454,0.851431
1653609600,0.000171,0.000175,0.000162,0.000163,14839.304751,2.424742
1653523200,0.000191,0.000193,0.000169,0.000169,9730.714649,1.644491
1653436800,0.000190,0.000191,0.000184,0.000190,4766.050356,0.906979
1653350400,0.000194,0.000197,0.000184,0.000188,5204.791813,0.980791
1653264000,0.000182,0.000196,0.000180,0.000192,9950.333463,1.914046
1653177600,0.000179,0.000182,0.000176,0.000182,1802.725368,0.327970
1653091200,0.000175,0.000181,0.000173,0.000177,1956.810133,0.347119
1653004800,0.000172,0.000182,0.000171,0.000175,9331.012166,1.630501
1652918400,0.000171,0.000171,0.000163,0.000170,7021.400541,1.194270
1652832000,0.000181,0.000182,0.000169,0.000170,4722.562123,0.802505
1652745600,0.000171,0.000180,0.000171,0.000180,4108.942283,0.740021
1652659200,0.000173,0.000173,0.000167,0.000169,12543.853286,2.114894
1652572800,0.000172,0.000180,0.000168,0.000175,17744.062088,3.097226
1652486400,0.000178,0.000180,0.000165,0.000172,6002.462165,1.030803
1652400000,0.000162,0.000179,0.000160,0.000176,20589.043166,3.619966
1652313600,0.000170,0.000173,0.000141,0.000162,44124.845006,7.142489
1652227200,0.000199,0.000199,0.000165,0.000169,81808.541666,13.804373
1652140800,0.000195,0.000206,0.000193,0.000195,4676.350898,0.912029
1652054400,0.000207,0.000211,0.000199,0.000201,11107.053403,2.234406
1651968000,0.000203,0.000212,0.000200,0.000211,5410.024989,1.140541
1651881600,0.000210,0.000211,0.000200,0.000203,1822.156729,0.369406
1651795200,0.000200,0.000209,0.000194,0.000207,767.020085,0.158804
1651708800,0.000202,0.000202,0.000193,0.000201,1772.574642,0.356855
1651622400,0.000182,0.000200,0.000182,0.000200,19213.948496,3.847401
1651536000,0.000179,0.000184,0.000179,0.000179,1338.973316,0.239877
1651449600,0.000186,0.000186,0.000174,0.000174,768.131494,0.133547
1651363200,0.000179,0.000186,0.000178,0.000184,392.880606,0.072196
1651276800,0.000198,0.000201,0.000169,0.000178,13328.200915,2.372553
1651190400,0.000204,0.000207,0.000196,0.000197,3001.989533,0.592112
1651104000,0.000209,0.000209,0.000204,0.000206,488.619168,0.100460
1651017600,0.000211,0.000215,0.000211,0.000211,3377.055455,0.711647
1650931200,0.000215,0.000216,0.000209,0.000210,1962.613090,0.412325
1650844800,0.000219,0.000219,0.000215,0.000215,3622.434087,0.779041
1650758400,0.000227,0.000230,0.000224,0.000224,5526.948834,1.236986
1650672000,0.000227,0.000232,0.000226,0.000227,1567.196352,0.355518
1650585600,0.000219,0.000229,0.000219,0.000223,3438.396499,0.768035
1650499200,0.000225,0.000226,0.000216,0.000219,5642.699645,1.236146
1650412800,0.000227,0.000229,0.000222,0.000224,6673.027688,1.497027
1650326400,0.000229,0.000230,0.000227,0.000230,110.802915,0.025448
1650240000,0.000233,0.000233,0.000227,0.000227,1032.672198,0.234396
1650153600,0.000237,0.000237,0.000237,0.000237,52.057441,0.012350
1650067200,0.000241,0.000243,0.000238,0.000238,1028.935339,0.244784
1649980800,0.000240,0.000243,0.000237,0.000241,2651.616032,0.639066
1649894400,0.000235,0.000237,0.000234,0.000237,526.451591,0.124790
1649808000,0.000235,0.000235,0.000233,0.000234,1283.116212,0.299710
1649721600,0.000226,0.000236,0.000226,0.000232,16183.073726,3.758681
1649635200,0.000234,0.000234,0.000223,0.000227,12197.765036,2.772064
1649548800,0.000235,0.000239,0.000233,0.000236,1973.369276,0.464748
1649462400,0.000231,0.000236,0.000230,0.000236,2728.866209,0.642757
1649376000,0.000241,0.000242,0.000228,0.000230,38715.238763,8.899472
1649289600,0.000231,0.000242,0.000229,0.000241,6325.132141,1.522776
1649203200,0.000243,0.000243,0.000230,0.000230,24909.375533,5.739867
1649116800,0.000249,0.000254,0.000243,0.000244,4648.127233,1.134840
1649030400,0.000255,0.000263,0.000244,0.000247,8862.284790,2.187655
1648944000,0.000255,0.000260,0.000250,0.000255,6863.059198,1.750492
1648857600,0.000250,0.000257,0.000247,0.000254,43068.251298,10.949242
1648771200,0.000250,0.000260,0.000246,0.000249,7977.059028,1.990117
1648684800,0.000248,0.000264,0.000242,0.000247,21597.728772,5.331399
1648598400,0.000237,0.000251,0.000233,0.000250,7688.470904,1.919581
1648512000,0.000232,0.000244,0.000232,0.000237,7509.319275,1.781661
1648425600,0.000244,0.000247,0.000231,0.000231,12848.625670,2.974071
