unix,open,high,low,close,Volume LINK,Volume BTC
1751328000,0.000126,0.000126,0.000126,0.000126,0.000000,0.000000
1751241600,0.000125,0.000127,0.000122,0.000126,211.837004,0.026598
1751155200,0.000124,0.000124,0.000124,0.000124,4.513250,0.000559
1751068800,0.000122,0.000124,0.000122,0.000124,789.753201,0.098064
1750982400,0.000120,0.000123,0.000120,0.000122,337.548738,0.041100
1750896000,0.000125,0.000125,0.000121,0.000121,1047.417926,0.127219
1750809600,0.000126,0.000126,0.000123,0.000123,665.210000,0.082020
1750723200,0.000122,0.000129,0.000122,0.000129,125.982858,0.016222
1750636800,0.000117,0.000122,0.000116,0.000122,729.639980,0.088666
1750550400,0.000118,0.000118,0.000112,0.000115,842.573818,0.096694
1750464000,0.000122,0.000122,0.000116,0.000118,627.762489,0.073863
1750377600,0.000125,0.000125,0.000122,0.000122,333.213092,0.040812
1750291200,0.000126,0.000126,0.000125,0.000125,75.926660,0.009490
1750204800,0.000124,0.000125,0.000122,0.000125,443.529690,0.055282
1750118400,0.000126,0.000128,0.000124,0.000125,1783.209695,0.222455
1750032000,0.000126,0.000128,0.000126,0.000128,1537.926509,0.196532
1749945600,0.000126,0.000126,0.000125,0.000126,175.519979,0.022133
1749859200,0.000124,0.000125,0.000124,0.000125,150.064224,0.018728
1749772800,0.000130,0.000130,0.000124,0.000125,554.731792,0.069197
1749686400,0.000135,0.000135,0.000131,0.000132,430.393332,0.056610
1749600000,0.000140,0.000142,0.000137,0.000137,534.330108,0.073064
1749513600,0.000133,0.000142,0.000132,0.000140,1304.694550,0.182801
1749427200,0.000130,0.000130,0.000129,0.000130,90.218247,0.011701
1749340800,0.000130,0.000131,0.000129,0.000130,432.239534,0.056178
1749254400,0.000130,0.000133,0.000130,0.000133,96.136967,0.012749
1749168000,0.000128,0.000130,0.000128,0.000130,495.323955,0.064149
1749081600,0.000132,0.000132,0.000127,0.000127,211.473283,0.026893
1748995200,0.000136,0.000136,0.000133,0.000133,35.129066,0.004658
1748908800,0.000133,0.000135,0.000133,0.000135,178.761144,0.024126
1748822400,0.000131,0.000132,0.000131,0.000132,206.394861,0.027287
1748736000,0.000133,0.000133,0.000132,0.000133,176.326801,0.023492
1748649600,0.000133,0.000134,0.000130,0.000133,299.459255,0.039957
1748563200,0.000138,0.000139,0.000132,0.000135,253.571295,0.034323
1748476800,0.000147,0.000147,0.000144,0.000144,492.003514,0.070681
1748390400,0.000147,0.000147,0.000147,0.000147,31.200000,0.004575
1748304000,0.000142,0.000145,0.000142,0.000145,639.859904,0.092882
1748217600,0.000142,0.000144,0.000141,0.000141,291.840397,0.041269
1748131200,0.000143,0.000143,0.000140,0.000142,661.029386,0.093860
1748044800,0.000145,0.000145,0.000142,0.000142,46.059363,0.006550
1747958400,0.000153,0.000154,0.000148,0.000149,62.764101,0.009333
1747872000,0.000147,0.000152,0.000147,0.000150,140.397324,0.021061
1747785600,0.000149,0.000152,0.000146,0.000147,571.480478,0.084185
1747699200,0.000152,0.000152,0.000147,0.000147,18.376585,0.002710
1747612800,0.000148,0.000149,0.000147,0.000149,145.803001,0.021707
1747526400,0.000148,0.000154,0.000145,0.000148,2026.657922,0.300533
1747440000,0.000149,0.000149,0.000148,0.000148,131.241839,0.019487
1747353600,0.000156,0.000158,0.000152,0.000152,148.960006,0.022631
1747267200,0.000165,0.000165,0.000156,0.000156,272.949536,0.042572
1747180800,0.000168,0.000168,0.000163,0.000163,414.825130,0.067737
1747094400,0.000159,0.000168,0.000159,0.000168,190.321074,0.032029
1747008000,0.000164,0.000168,0.000161,0.000163,437.030863,0.071249
1746921600,0.000159,0.000162,0.000159,0.000162,113.250901,0.018387
1746835200,0.000156,0.000163,0.000156,0.000163,92.349633,0.015052
1746748800,0.000154,0.000159,0.000152,0.000155,573.516437,0.089061
1746662400,0.000143,0.000153,0.000143,0.000152,1465.815079,0.223200
1746576000,0.000144,0.000144,0.000140,0.000142,1273.036611,0.180937
1746489600,0.000144,0.000144,0.000141,0.000143,1011.431108,0.144301
1746403200,0.000147,0.000149,0.000144,0.000144,848.159430,0.122245
1746316800,0.000145,0.000147,0.000145,0.000147,159.787858,0.023511
1746230400,0.000150,0.000150,0.000148,0.000149,130.287938,0.019436
1746144000,0.000151,0.000153,0.000151,0.000151,141.776936,0.021440
1746057600,0.000155,0.000155,0.000154,0.000154,142.606675,0.021904
1745971200,0.000154,0.000155,0.000150,0.000151,211.802533,0.031999
1745884800,0.000160,0.000160,0.000157,0.000157,250.566938,0.039382
1745798400,0.000155,0.000160,0.000155,0.000158,50.956962,0.008033
1745712000,0.000157,0.000157,0.000155,0.000156,78.821604,0.012325
1745625600,0.000160,0.000160,0.000157,0.000157,513.930412,0.080923
1745539200,0.000159,0.000163,0.000159,0.000159,525.701935,0.083776
1745452800,0.000158,0.000160,0.000154,0.000160,1258.948311,0.201469
1745366400,0.000152,0.000159,0.000152,0.000159,424.695938,0.067667
1745280000,0.000150,0.000152,0.000148,0.000151,218.819121,0.033096
1745193600,0.000156,0.000156,0.000150,0.000150,98.777954,0.014786
1745107200,0.000153,0.000159,0.000152,0.000159,176.765123,0.028058
1745020800,0.000150,0.000152,0.000150,0.000152,916.839495,0.139323
1744934400,0.000149,0.000149,0.000149,0.000149,78.759050,0.011724
1744848000,0.000149,0.000149,0.000148,0.000148,295.021213,0.043598
1744761600,0.000146,0.000146,0.000146,0.000146,12.590000,0.001837
1744675200,0.000148,0.000148,0.000146,0.000146,1259.309518,0.184111
1744588800,0.000151,0.000153,0.000151,0.000152,200.999672,0.030508
1744502400,0.000155,0.000156,0.000154,0.000154,580.730657,0.089328
1744416000,0.000153,0.000155,0.000153,0.000155,807.545585,0.124887
1744329600,0.000152,0.000152,0.000152,0.000152,34.008614,0.005159
1744243200,0.000152,0.000152,0.000151,0.000151,72.585642,0.010943
1744156800,0.000143,0.000152,0.000142,0.000152,522.642459,0.079457
1744070400,0.000147,0.000147,0.000142,0.000143,429.566070,0.061527
1743984000,0.000144,0.000145,0.000136,0.000144,466.857899,0.067447
1743897600,0.000152,0.000152,0.000144,0.000145,621.856211,0.090014
1743811200,0.000155,0.000155,0.000151,0.000153,549.474098,0.083927
1743724800,0.000155,0.000156,0.000151,0.000155,531.754465,0.082294
1743638400,0.000159,0.000159,0.000151,0.000155,383.637058,0.059337
1743552000,0.000161,0.000162,0.000155,0.000155,1109.819379,0.172299
1743465600,0.000167,0.000168,0.000165,0.000166,131.188319,0.021836
1743379200,0.000162,0.000164,0.000159,0.000164,13.217295,0.002168
1743292800,0.000163,0.000166,0.000163,0.000166,358.804840,0.059702
1743206400,0.000170,0.000170,0.000163,0.000163,268.377993,0.043619
1743120000,0.000178,0.000178,0.000166,0.000169,1969.994479,0.332752
1743033600,0.000175,0.000181,0.000175,0.000178,873.567957,0.155792
1742947200,0.000177,0.000181,0.000176,0.000177,486.785993,0.086249
1742860800,0.000174,0.000176,0.000174,0.000176,271.817061,0.047783
1742774400,0.000169,0.000174,0.000167,0.000171,325.190201,0.055539
1742688000,0.000171,0.000171,0.000168,0.000168,249.058737,0.041800
1742601600,0.000166,0.000172,0.000166,0.000171,154.709287,0.026415
1742515200,0.000169,0.000169,0.000166,0.000166,392.336475,0.065312
1742428800,0.000173,0.000173,0.000169,0.000169,1068.093418,0.180305
1742342400,0.000168,0.000173,0.000168,0.000173,300.223329,0.051852
1742256000,0.000168,0.000169,0.000166,0.000166,62.631667,0.010382
1742169600,0.000164,0.000167,0.000164,0.000167,171.573113,0.028668
1742083200,0.000167,0.000168,0.000162,0.000162,907.115204,0.147152
1741996800,0.000164,0.000168,0.000164,0.000168,131.451230,0.022029
1741910400,0.000161,0.000172,0.000161,0.000164,1576.443369,0.257938
1741824000,0.000160,0.000162,0.000158,0.000162,486.129024,0.078763
1741737600,0.000161,0.000161,0.000161,0.000161,0.000000,0.000000
1741651200,0.000161,0.000161,0.000155,0.000161,582.817111,0.093787
1741564800,0.000173,0.000173,0.000160,0.000160,386.792696,0.062038
1741478400,0.000177,0.000177,0.000168,0.000168,876.785949,0.147335
1741392000,0.000183,0.000183,0.000175,0.000175,412.810351,0.072353
1741305600,0.000188,0.000194,0.000186,0.000189,640.922460,0.121051
1741219200,0.000181,0.000192,0.000181,0.000189,390.507946,0.073896
1741132800,0.000171,0.000182,0.000171,0.000182,552.569757,0.100435
1741046400,0.000167,0.000170,0.000163,0.000170,422.686202,0.071683
1740960000,0.000184,0.000186,0.000168,0.000168,580.758247,0.097567
1740873600,0.000172,0.000186,0.000171,0.000181,377.568735,0.068261
1740787200,0.000175,0.000175,0.000170,0.000173,188.056218,0.032588
1740700800,0.000178,0.000179,0.000170,0.000174,304.696661,0.052914
1740614400,0.000180,0.000182,0.000179,0.000179,551.331712,0.098413
1740528000,0.000172,0.000184,0.000171,0.000183,974.051316,0.177881
1740441600,0.000167,0.000173,0.000159,0.000173,1392.297406,0.240714
1740355200,0.000182,0.000182,0.000164,0.000166,2185.596989,0.362219
1740268800,0.000185,0.000187,0.000183,0.000183,245.608848,0.044875
1740182400,0.000183,0.000184,0.000182,0.000184,136.808490,0.025227
1740096000,0.000186,0.000189,0.000182,0.000182,263.894311,0.047918
1740009600,0.000186,0.000187,0.000184,0.000184,178.333440,0.032876
1739923200,0.000187,0.000188,0.000186,0.000186,52.351538,0.009748
1739836800,0.000199,0.000199,0.000185,0.000187,1353.776810,0.253535
1739750400,0.000196,0.000203,0.000195,0.000199,141.695101,0.028265
1739664000,0.000194,0.000197,0.000192,0.000195,190.858655,0.037198
1739577600,0.000198,0.000200,0.000193,0.000193,322.106408,0.062234
1739491200,0.000192,0.000201,0.000192,0.000199,1240.693075,0.247084
1739404800,0.000195,0.000197,0.000191,0.000192,992.326546,0.190616
1739318400,0.000195,0.000197,0.000188,0.000196,339.103504,0.066464
1739232000,0.000200,0.000201,0.000196,0.000198,196.658659,0.038840
1739145600,0.000192,0.000193,0.000191,0.000192,33.740040,0.006483
1739059200,0.000190,0.000195,0.000186,0.000186,1202.154591,0.224106
1738972800,0.000187,0.000191,0.000187,0.000191,164.740647,0.031479
1738886400,0.000193,0.000198,0.000186,0.000188,224.286924,0.042112
1738800000,0.000199,0.000200,0.000191,0.000193,160.370405,0.030953
1738713600,0.000204,0.000204,0.000197,0.000197,138.579731,0.027253
1738627200,0.000211,0.000211,0.000199,0.000202,2845.136769,0.575941
1738540800,0.000200,0.000217,0.000175,0.000212,2036.546608,0.432664
1738454400,0.000229,0.000229,0.000201,0.000207,1257.674046,0.259936
1738368000,0.000252,0.000252,0.000227,0.000227,174.495041,0.039572
1738281600,0.000239,0.000249,0.000239,0.000245,583.243974,0.142626
1738195200,0.000232,0.000236,0.000232,0.000234,15.776978,0.003695
1738108800,0.000223,0.000232,0.000220,0.000232,832.634374,0.193263
1738022400,0.000237,0.000237,0.000224,0.000224,428.390904,0.095758
1737936000,0.000239,0.000240,0.000225,0.000238,4686.478412,1.113085
1737849600,0.000239,0.000250,0.000239,0.000249,551.459322,0.137357
1737763200,0.000239,0.000240,0.000237,0.000238,165.626930,0.039485
1737676800,0.000245,0.000262,0.000239,0.000241,1082.244069,0.260312
1737590400,0.000243,0.000247,0.000235,0.000247,182.808138,0.045170
1737504000,0.000252,0.000253,0.000241,0.000244,142.594475,0.034736
1737417600,0.000243,0.000253,0.000236,0.000249,275.344044,0.068682
1737331200,0.000238,0.000249,0.000235,0.000249,538.806092,0.134249
1737244800,0.000232,0.000253,0.000217,0.000239,2852.030589,0.681635
1737158400,0.000243,0.000243,0.000227,0.000232,708.492463,0.164051
1737072000,0.000232,0.000239,0.000232,0.000239,408.541967,0.097642
1736985600,0.000216,0.000239,0.000216,0.000232,831.716354,0.193316
1736899200,0.000210,0.000218,0.000209,0.000218,91.848152,0.020017
1736812800,0.000207,0.000211,0.000207,0.000210,751.676671,0.158108
1736726400,0.000210,0.000217,0.000200,0.000201,1366.573048,0.274189
1736640000,0.000214,0.000214,0.000211,0.000212,51.696518,0.010974
1736553600,0.000211,0.000214,0.000211,0.000214,386.824215,0.082765
1736467200,0.000214,0.000214,0.000212,0.000212,59.943747,0.012736
1736380800,0.000216,0.000216,0.000210,0.000210,91.642393,0.019245
1736294400,0.000218,0.000218,0.000213,0.000216,249.807831,0.053958
1736208000,0.000231,0.000232,0.000223,0.000223,441.660334,0.098464
1736121600,0.000239,0.000247,0.000237,0.000239,190.977917,0.045661
1736035200,0.000241,0.000241,0.000237,0.000239,115.271825,0.027586
1735948800,0.000235,0.000243,0.000229,0.000243,763.119404,0.185262
1735862400,0.000228,0.000243,0.000227,0.000239,1144.801258,0.273814
1735776000,0.000233,0.000235,0.000229,0.000229,115.308047,0.026448
1735689600,0.000215,0.000229,0.000215,0.000227,239.767010,0.054528
1735603200,0.000221,0.000222,0.000213,0.000213,217.268039,0.046278
1735516800,0.000230,0.000230,0.000220,0.000222,323.963491,0.071975
1735430400,0.000228,0.000229,0.000223,0.000223,447.463724,0.099690
1735344000,0.000225,0.000242,0.000225,0.000232,1566.003117,0.363093
1735257600,0.000241,0.000243,0.000228,0.000228,636.424856,0.144825
1735171200,0.000247,0.000247,0.000237,0.000237,394.204943,0.093588
1735084800,0.000253,0.000268,0.000245,0.000247,1460.388854,0.360439
1734998400,0.000254,0.000260,0.000249,0.000260,252.873461,0.065638
1734912000,0.000237,0.000268,0.000237,0.000268,1549.939223,0.415368
1734825600,0.000226,0.000233,0.000226,0.000230,109.881312,0.025234
1734739200,0.000240,0.000251,0.000225,0.000227,733.368127,0.166365
1734652800,0.000236,0.000242,0.000218,0.000240,10014.054086,2.403173
1734566400,0.000249,0.000251,0.000227,0.000236,2874.547188,0.679026
1734480000,0.000265,0.000268,0.000247,0.000249,1386.676665,0.345615
1734393600,0.000272,0.000276,0.000255,0.000260,2435.059154,0.633115
1734307200,0.000277,0.000294,0.000268,0.000273,3129.668556,0.854180
1734220800,0.000287,0.000287,0.000268,0.000280,1819.157406,0.509655
1734134400,0.000289,0.000300,0.000286,0.000289,6154.312060,1.780504
1734048000,0.000293,0.000311,0.000274,0.000282,1668.208091,0.469651
1733961600,0.000243,0.000300,0.000243,0.000290,6096.378202,1.767584
1733875200,0.000226,0.000248,0.000222,0.000235,808.035444,0.189808
1733788800,0.000225,0.000243,0.000214,0.000228,2720.011006,0.621441
1733702400,0.000265,0.000272,0.000202,0.000230,6462.930300,1.486215
1733616000,0.000249,0.000273,0.000248,0.000261,643.096795,0.167752
1733529600,0.000260,0.000263,0.000242,0.000247,450.464929,0.111468
1733443200,0.000238,0.000256,0.000232,0.000253,2195.331885,0.556012
1733356800,0.000239,0.000243,0.000230,0.000241,3293.215065,0.792413
1733270400,0.000252,0.000278,0.000239,0.000239,3566.019786,0.854062
1733184000,0.000262,0.000274,0.000241,0.000250,5424.510560,1.354283
1733097600,0.000195,0.000278,0.000193,0.000262,10054.662512,2.637036
1733011200,0.000196,0.000196,0.000191,0.000194,1328.646582,0.257399
1732924800,0.000190,0.000199,0.000188,0.000198,1635.398466,0.323220
1732838400,0.000187,0.000187,0.000183,0.000183,880.921822,0.161473
1732752000,0.000187,0.000188,0.000183,0.000188,53.221439,0.010006
1732665600,0.000191,0.000197,0.000183,0.000197,1608.410449,0.316857
1732579200,0.000185,0.000190,0.000177,0.000190,3779.044342,0.717263
1732492800,0.000181,0.000193,0.000178,0.000187,3659.184293,0.684121
1732406400,0.000183,0.000187,0.000168,0.000183,5178.094822,0.949404
1732320000,0.000165,0.000186,0.000165,0.000180,2593.424093,0.467024
1732233600,0.000150,0.000166,0.000150,0.000166,1565.672697,0.260309
1732147200,0.000151,0.000165,0.000147,0.000152,4500.132809,0.682805
1732060800,0.000159,0.000159,0.000151,0.000152,161.067493,0.024550
1731974400,0.000170,0.000170,0.000157,0.000158,331.347470,0.052386
1731888000,0.000157,0.000170,0.000157,0.000167,790.512177,0.131770
1731801600,0.000153,0.000159,0.000152,0.000153,478.252980,0.073077
1731715200,0.000150,0.000161,0.000150,0.000160,247.336708,0.039574
1731628800,0.000148,0.000152,0.000148,0.000150,835.338553,0.125351
1731542400,0.000147,0.000152,0.000144,0.000152,3813.489317,0.578697
1731456000,0.000159,0.000162,0.000147,0.000148,1457.972487,0.216451
1731369600,0.000167,0.000171,0.000158,0.000158,1203.536844,0.189870
1731283200,0.000178,0.000178,0.000166,0.000166,714.556433,0.118624
1731196800,0.000179,0.000189,0.000176,0.000176,957.226287,0.168874
1731110400,0.000179,0.000187,0.000174,0.000179,617.343151,0.110467
1731024000,0.000167,0.000179,0.000166,0.000175,369.529710,0.064668
1730937600,0.000162,0.000167,0.000162,0.000163,644.516269,0.104831
1730851200,0.000155,0.000161,0.000153,0.000161,652.847915,0.104841
1730764800,0.000153,0.000156,0.000153,0.000155,736.798844,0.114476
1730678400,0.000155,0.000155,0.000151,0.000151,1570.229866,0.237293
1730592000,0.000160,0.000160,0.000155,0.000156,819.581241,0.128207
1730505600,0.000163,0.000163,0.000160,0.000161,86.077521,0.013842
1730419200,0.000162,0.000164,0.000162,0.000164,237.444612,0.038855
1730332800,0.000169,0.000171,0.000162,0.000162,666.904117,0.108139
1730246400,0.000164,0.000171,0.000162,0.000169,582.376250,0.098439
1730160000,0.000161,0.000161,0.000159,0.000159,891.882169,0.142166
1730073600,0.000161,0.000163,0.000158,0.000158,369.515225,0.058528
1729987200,0.000162,0.000163,0.000162,0.000163,183.614641,0.029869
1729900800,0.000169,0.000169,0.000162,0.000162,42.080050,0.006812
1729814400,0.000174,0.000180,0.000169,0.000169,386.379535,0.065433
1729728000,0.000170,0.000170,0.000161,0.000170,105.520170,0.017912
1729641600,0.000172,0.000172,0.000169,0.000170,48.431221,0.008222
1729555200,0.000176,0.000183,0.000176,0.000177,1283.649904,0.227347
1729468800,0.000174,0.000174,0.000169,0.000173,153.999995,0.026651
1729382400,0.000166,0.000174,0.000166,0.000174,540.334192,0.093980
1729296000,0.000168,0.000168,0.000167,0.000167,59.353045,0.009904
1729209600,0.000169,0.000169,0.000166,0.000167,743.553961,0.123928
1729123200,0.000166,0.000166,0.000163,0.000163,18.116233,0.002961
1729036800,0.000169,0.000169,0.000165,0.000165,292.923680,0.048256
1728950400,0.000175,0.000181,0.000167,0.000170,940.431666,0.159450
1728864000,0.000170,0.000170,0.000170,0.000170,35.382812,0.006015
1728777600,0.000176,0.000176,0.000176,0.000176,3.683468,0.000648
1728691200,0.000176,0.000177,0.000174,0.000175,621.704042,0.109010
1728604800,0.000175,0.000176,0.000173,0.000174,144.724633,0.025210
1728518400,0.000175,0.000176,0.000172,0.000174,404.231369,0.070223
1728432000,0.000174,0.000174,0.000171,0.000173,60.829665,0.010503
1728345600,0.000177,0.000177,0.000175,0.000175,72.279303,0.012635
1728259200,0.000181,0.000184,0.000180,0.000181,289.954412,0.052459
1728172800,0.000182,0.000183,0.000179,0.000179,58.195655,0.010432
1728086400,0.000179,0.000182,0.000179,0.000181,20.084578,0.003641
1728000000,0.000179,0.000180,0.000178,0.000179,137.886472,0.024639
1727913600,0.000176,0.000176,0.000174,0.000175,68.417896,0.011960
1727827200,0.000182,0.000183,0.000174,0.000175,1070.756455,0.187586
1727740800,0.000190,0.000190,0.000179,0.000181,382.307515,0.069293
1727654400,0.000189,0.000191,0.000187,0.000187,461.782321,0.086580
1727568000,0.000194,0.000194,0.000191,0.000192,271.815093,0.052265
1727481600,0.000194,0.000196,0.000191,0.000196,153.252545,0.029981
1727395200,0.000192,0.000196,0.000192,0.000192,431.827231,0.083071
1727308800,0.000192,0.000195,0.000190,0.000193,482.116278,0.093179
1727222400,0.000189,0.000195,0.000189,0.000194,373.591139,0.072335
1727136000,0.000180,0.000189,0.000180,0.000189,501.459707,0.094711
1727049600,0.000175,0.000181,0.000175,0.000180,72.108259,0.013014
1726963200,0.000181,0.000181,0.000175,0.000175,177.234199,0.031037
1726876800,0.000181,0.000182,0.000179,0.000181,140.266555,0.025457
1726790400,0.000179,0.000185,0.000179,0.000181,669.978878,0.121253
1726704000,0.000177,0.000180,0.000177,0.000178,272.135498,0.048503
1726617600,0.000176,0.000176,0.000174,0.000176,85.799409,0.015111
1726531200,0.000181,0.000182,0.000176,0.000176,192.765265,0.033921
1726444800,0.000183,0.000183,0.000181,0.000181,152.435892,0.027597
1726358400,0.000187,0.000188,0.000183,0.000183,325.448769,0.059577
1726272000,0.000189,0.000189,0.000189,0.000189,52.172552,0.009861
1726185600,0.000186,0.000191,0.000186,0.000190,192.471411,0.036541
1726099200,0.000181,0.000186,0.000181,0.000185,119.007916,0.022071
1726012800,0.000185,0.000185,0.000180,0.000180,57.994492,0.010466
1725926400,0.000184,0.000185,0.000184,0.000184,43.297943,0.007958
1725840000,0.000190,0.000195,0.000185,0.000185,814.438807,0.150394
1725753600,0.000185,0.000189,0.000185,0.000187,145.541873,0.027279
1725667200,0.000183,0.000183,0.000182,0.000182,197.452836,0.035996
1725580800,0.000177,0.000178,0.000176,0.000178,481.895260,0.085662
1725494400,0.000180,0.000180,0.000178,0.000178,89.441013,0.015942
1725408000,0.000180,0.000182,0.000178,0.000178,91.803472,0.016359
1725321600,0.000182,0.000182,0.000178,0.000179,66.714702,0.011969
1725235200,0.000182,0.000183,0.000180,0.000183,98.256306,0.018018
1725148800,0.000186,0.000186,0.000180,0.000180,127.954795,0.023059
1725062400,0.000188,0.000188,0.000187,0.000187,36.143600,0.006750
1724976000,0.000187,0.000187,0.000181,0.000187,239.187285,0.044742
1724889600,0.000189,0.000189,0.000185,0.000185,105.804569,0.019565
1724803200,0.000186,0.000193,0.000186,0.000189,152.982109,0.028911
1724716800,0.000188,0.000190,0.000186,0.000188,122.506695,0.023037
1724630400,0.000189,0.000197,0.000188,0.000191,437.313508,0.083321
1724544000,0.000192,0.000192,0.000187,0.000189,104.651406,0.019733
1724457600,0.000188,0.000193,0.000186,0.000193,1075.162673,0.207625
1724371200,0.000190,0.000191,0.000187,0.000189,937.130648,0.176705
1724284800,0.000185,0.000189,0.000185,0.000189,298.234953,0.056250
1724198400,0.000174,0.000183,0.000174,0.000183,2054.563198,0.376232
1724112000,0.000171,0.000172,0.000171,0.000172,205.059349,0.035324
1724025600,0.000174,0.000174,0.000170,0.000171,1788.865190,0.305306
1723939200,0.000171,0.000174,0.000171,0.000172,87.322323,0.015051
1723852800,0.000171,0.000171,0.000170,0.000171,242.244337,0.041315
1723766400,0.000177,0.000177,0.000174,0.000174,35.102567,0.006112
1723680000,0.000179,0.000179,0.000174,0.000175,136.087793,0.023881
1723593600,0.000174,0.000176,0.000173,0.000176,140.901287,0.024792
1723507200,0.000175,0.000175,0.000173,0.000174,49.396199,0.008596
1723420800,0.000176,0.000177,0.000176,0.000176,18.477941,0.003260
1723334400,0.000172,0.000175,0.000171,0.000171,122.982351,0.021067
1723248000,0.000173,0.000175,0.000173,0.000174,183.691797,0.031893
1723161600,0.000172,0.000172,0.000172,0.000172,43.270493,0.007437
1723075200,0.000172,0.000175,0.000172,0.000172,131.430224,0.022664
1722988800,0.000181,0.000182,0.000166,0.000173,714.128764,0.123194
1722902400,0.000176,0.000184,0.000176,0.000180,416.572150,0.075058
1722816000,0.000185,0.000185,0.000157,0.000176,7913.260689,1.391151
1722729600,0.000193,0.000193,0.000184,0.000185,216.870113,0.040114
1722643200,0.000192,0.000195,0.000189,0.000192,402.722084,0.077315
1722556800,0.000195,0.000195,0.000188,0.000193,65.920921,0.012754
1722470400,0.000201,0.000201,0.000189,0.000196,176.282086,0.034539
1722384000,0.000200,0.000200,0.000197,0.000197,31.310272,0.006180
1722297600,0.000205,0.000205,0.000199,0.000199,107.965315,0.021444
1722211200,0.000195,0.000203,0.000195,0.000203,108.815749,0.022042
1722124800,0.000200,0.000200,0.000200,0.000200,38.018321,0.007619
1722038400,0.000199,0.000201,0.000197,0.000197,499.872652,0.098670
1721952000,0.000197,0.000200,0.000197,0.000199,30.008777,0.005976
1721865600,0.000202,0.000204,0.000196,0.000196,1362.500459,0.266600
1721779200,0.000210,0.000210,0.000208,0.000208,146.009528,0.030366
1721692800,0.000209,0.000211,0.000207,0.000211,152.387146,0.032186
1721606400,0.000212,0.000212,0.000205,0.000207,327.444561,0.067650
1721520000,0.000219,0.000219,0.000213,0.000217,12.411533,0.002695
1721433600,0.000210,0.000211,0.000210,0.000210,21.457089,0.004517
1721347200,0.000209,0.000211,0.000202,0.000211,151.118138,0.031943
1721260800,0.000215,0.000215,0.000215,0.000215,9.304540,0.001996
1721174400,0.000216,0.000216,0.000216,0.000216,4.072768,0.000879
1721088000,0.000222,0.000227,0.000220,0.000220,22.560165,0.004973
1721001600,0.000221,0.000238,0.000220,0.000238,257.727929,0.061308
1720915200,0.000218,0.000222,0.000218,0.000220,15.431963,0.003389
1720828800,0.000222,0.000223,0.000222,0.000223,16.357669,0.003646
1720742400,0.000218,0.000218,0.000218,0.000218,4.439713,0.000966
1720656000,0.000219,0.000222,0.000216,0.000216,98.355368,0.021291
1720569600,0.000221,0.000234,0.000210,0.000210,541.787303,0.113802
1720483200,0.000233,0.000233,0.000226,0.000226,1063.945905,0.240313
1720396800,0.000224,0.000234,0.000224,0.000231,695.273517,0.160566
1720310400,0.000224,0.000224,0.000218,0.000220,102.337913,0.022553
1720224000,0.000220,0.000228,0.000220,0.000228,96.021382,0.021854
1720137600,0.000218,0.000229,0.000202,0.000217,5675.309970,1.233869
1720051200,0.000226,0.000237,0.000219,0.000219,1319.779611,0.289626
1719964800,0.000232,0.000240,0.000230,0.000231,468.480813,0.108008
1719878400,0.000227,0.000234,0.000227,0.000233,106.305154,0.024770
1719792000,0.000227,0.000230,0.000227,0.000228,554.439495,0.126529
1719705600,0.000222,0.000222,0.000221,0.000221,166.531801,0.036887
1719619200,0.000229,0.000231,0.000223,0.000223,531.737464,0.118657
1719532800,0.000233,0.000237,0.000229,0.000229,315.889382,0.072282
1719446400,0.000226,0.000233,0.000224,0.000233,150.063169,0.034893
1719360000,0.000229,0.000231,0.000226,0.000230,636.453877,0.146486
1719273600,0.000227,0.000230,0.000227,0.000229,1211.672807,0.277631
1719187200,0.000209,0.000226,0.000209,0.000226,759.468094,0.171374
1719100800,0.000211,0.000211,0.000208,0.000208,150.816061,0.031376
1719014400,0.000215,0.000215,0.000212,0.000212,62.205197,0.013160
1718928000,0.000220,0.000228,0.000220,0.000220,271.755358,0.059669
1718841600,0.000221,0.000224,0.000221,0.000223,172.721964,0.038439
1718755200,0.000217,0.000222,0.000217,0.000221,312.553054,0.069090
1718668800,0.000221,0.000221,0.000204,0.000213,4577.631595,0.973067
1718582400,0.000226,0.000226,0.000216,0.000219,455.021023,0.099609
1718496000,0.000221,0.000227,0.000221,0.000227,214.569059,0.048802
1718409600,0.000224,0.000226,0.000223,0.000225,108.930587,0.024491
1718323200,0.000228,0.000231,0.000220,0.000222,749.241672,0.166661
1718236800,0.000232,0.000232,0.000226,0.000228,679.000810,0.154513
1718150400,0.000223,0.000233,0.000220,0.000233,1183.301897,0.275437
1718064000,0.000226,0.000232,0.000221,0.000223,1780.499710,0.396927
1717977600,0.000235,0.000235,0.000229,0.000231,190.936570,0.044143
1717891200,0.000231,0.000235,0.000230,0.000235,143.669414,0.033749
1717804800,0.000234,0.000236,0.000228,0.000228,89.613803,0.020415
1717718400,0.000244,0.000249,0.000223,0.000236,645.872687,0.152284
1717632000,0.000249,0.000249,0.000243,0.000246,1442.253139,0.354434
1717545600,0.000251,0.000252,0.000248,0.000250,510.182294,0.127714
1717459200,0.000255,0.000258,0.000250,0.000251,1956.022682,0.491529
1717372800,0.000265,0.000266,0.000254,0.000256,2426.675473,0.621787
1717286400,0.000271,0.000284,0.000258,0.000268,91.585174,0.024522
1717200000,0.000275,0.000275,0.000273,0.000273,109.661838,0.029932
1717113600,0.000263,0.000273,0.000261,0.000273,221.518069,0.060404
1717027200,0.000275,0.000278,0.000266,0.000266,4821.620228,1.281153
1716940800,0.000271,0.000282,0.000267,0.000273,2100.501966,0.573815
1716854400,0.000268,0.000272,0.000264,0.000271,612.977795,0.165884
1716768000,0.000249,0.000271,0.000247,0.000270,920.584930,0.248613
1716681600,0.000251,0.000258,0.000249,0.000249,395.544868,0.098645
1716595200,0.000250,0.000250,0.000246,0.000248,1221.586563,0.303418
1716508800,0.000249,0.000264,0.000249,0.000253,3452.759836,0.872340
1716422400,0.000236,0.000246,0.000234,0.000244,2484.519635,0.606049
1716336000,0.000240,0.000241,0.000234,0.000236,322.411203,0.076066
1716249600,0.000241,0.000244,0.000235,0.000239,5270.591911,1.257511
1716163200,0.000250,0.000256,0.000240,0.000244,4422.728402,1.078527
1716076800,0.000246,0.000256,0.000244,0.000250,413.474483,0.103468
1715990400,0.000243,0.000247,0.000240,0.000243,1199.124070,0.291183
1715904000,0.000239,0.000251,0.000238,0.000242,3671.187184,0.887289
1715817600,0.000209,0.000243,0.000206,0.000241,1609.324734,0.388427
1715731200,0.000210,0.000212,0.000208,0.000209,1057.045060,0.221176
1715644800,0.000215,0.000220,0.000210,0.000210,966.933496,0.203346
1715558400,0.000221,0.000221,0.000213,0.000214,147.249403,0.031482
1715472000,0.000219,0.000221,0.000219,0.000220,290.700701,0.064041
1715385600,0.000225,0.000226,0.000218,0.000218,143.443500,0.031289
1715299200,0.000226,0.000228,0.000223,0.000223,271.499504,0.060430
1715212800,0.000228,0.000232,0.000226,0.000226,916.538219,0.207284
1715126400,0.000224,0.000228,0.000221,0.000228,1947.328464,0.443192
1715040000,0.000229,0.000229,0.000224,0.000224,554.285636,0.124199
1714953600,0.000228,0.000234,0.000228,0.000232,397.756030,0.092295
1714867200,0.000225,0.000227,0.000224,0.000225,116.865484,0.026237
1714780800,0.000223,0.000227,0.000223,0.000224,260.057922,0.058297
1714694400,0.000230,0.000231,0.000225,0.000225,2081.017734,0.467251
1714608000,0.000228,0.000234,0.000227,0.000230,1185.703897,0.273032
1714521600,0.000216,0.000229,0.000216,0.000228,1425.756817,0.325358
1714435200,0.000220,0.000221,0.000212,0.000217,1763.052568,0.383111
1714348800,0.000219,0.000225,0.000219,0.000222,958.763644,0.212548
1714262400,0.000225,0.000225,0.000219,0.000219,1032.548948,0.226459
1714176000,0.000227,0.000235,0.000221,0.000225,9630.178571,2.163516
1714089600,0.000226,0.000231,0.000225,0.000227,219.310534,0.049871
1714003200,0.000226,0.000231,0.000225,0.000226,370.529871,0.083614
1713916800,0.000228,0.000235,0.000227,0.000228,4349.302341,0.992250
1713830400,0.000231,0.000233,0.000227,0.000229,3275.972181,0.750853
1713744000,0.000239,0.000244,0.000231,0.000232,734.744074,0.170409
1713657600,0.000229,0.000230,0.000228,0.000230,1540.411107,0.354279
1713571200,0.000219,0.000231,0.000219,0.000231,662.906513,0.153297
1713484800,0.000218,0.000219,0.000212,0.000219,2246.105527,0.491066
1713398400,0.000214,0.000219,0.000211,0.000219,2222.285129,0.487125
1713312000,0.000210,0.000216,0.000209,0.000215,3379.075300,0.725285
1713225600,0.000213,0.000216,0.000172,0.000211,11579.202750,2.448422
1713139200,0.000220,0.000220,0.000214,0.000215,2402.284400,0.515770
1713052800,0.000207,0.000217,0.000204,0.000217,4333.867858,0.938716
1712966400,0.000226,0.000231,0.000194,0.000207,18683.799095,3.863436
1712880000,0.000250,0.000266,0.000210,0.000226,4006.444399,0.903854
1712793600,0.000245,0.000248,0.000245,0.000248,2206.971410,0.547616
1712707200,0.000250,0.000253,0.000247,0.000247,1182.822242,0.291731
1712620800,0.000253,0.000255,0.000250,0.000255,713.907072,0.181768
1712534400,0.000256,0.000258,0.000252,0.000253,425.735905,0.107745
1712448000,0.000255,0.000256,0.000252,0.000252,913.295989,0.230543
1712361600,0.000256,0.000259,0.000255,0.000255,2203.501182,0.562752
1712275200,0.000258,0.000259,0.000255,0.000257,1432.527142,0.367902
1712188800,0.000271,0.000271,0.000259,0.000259,345.776717,0.089556
1712102400,0.000274,0.000274,0.000267,0.000267,3163.031006,0.844434
1712016000,0.000263,0.000276,0.000263,0.000274,416.134681,0.114129
1711929600,0.000270,0.000270,0.000262,0.000264,228.251625,0.060350
1711843200,0.000271,0.000275,0.000268,0.000268,289.400777,0.077478
1711756800,0.000272,0.000275,0.000270,0.000271,559.200445,0.151527
1711670400,0.000270,0.000275,0.000267,0.000271,733.208416,0.198993
1711584000,0.000278,0.000280,0.000270,0.000271,1787.567591,0.484681
1711497600,0.000286,0.000286,0.000277,0.000278,1501.371702,0.417276
1711411200,0.000277,0.000292,0.000277,0.000286,2247.165791,0.643116
1711324800,0.000276,0.000285,0.000274,0.000277,4593.959253,1.273859
1711238400,0.000284,0.000284,0.000276,0.000277,256.037847,0.070938
1711152000,0.000287,0.000299,0.000279,0.000282,5980.964161,1.687170
1711065600,0.000281,0.000286,0.000276,0.000284,1748.371989,0.496712
1710979200,0.000271,0.000285,0.000270,0.000281,3436.762738,0.964218
1710892800,0.000272,0.000276,0.000267,0.000272,3632.252672,0.987174
1710806400,0.000270,0.000279,0.000262,0.000271,5046.868500,1.367348
1710720000,0.000272,0.000286,0.000267,0.000271,5862.177350,1.587888
1710633600,0.000278,0.000278,0.000269,0.000273,1827.247462,0.498820
1710547200,0.000282,0.000296,0.000271,0.000276,6627.170174,1.831087
1710460800,0.000293,0.000293,0.000280,0.000282,10979.927619,3.100292
1710374400,0.000284,0.000301,0.000278,0.000293,8091.467695,2.370395
1710288000,0.000290,0.000290,0.000277,0.000284,5133.778884,1.457685
1710201600,0.000295,0.000295,0.000282,0.000289,11741.149057,3.394366
1710115200,0.000314,0.000331,0.000283,0.000295,11201.135897,3.306911
1710028800,0.000292,0.000319,0.000283,0.000315,4228.940091,1.331143
1709942400,0.000291,0.000297,0.000289,0.000293,2516.882947,0.737497
1709856000,0.000301,0.000304,0.000285,0.000289,15559.987344,4.501504
1709769600,0.000304,0.000307,0.000296,0.000301,2031.194247,0.610800
1709683200,0.000298,0.000304,0.000289,0.000303,9180.453432,2.783330
1709596800,0.000298,0.000324,0.000277,0.000295,22023.201049,6.492660
1709510400,0.000325,0.000327,0.000297,0.000301,10526.531924,3.168170
1709424000,0.000344,0.000348,0.000316,0.000325,7658.064244,2.492240
1709337600,0.000322,0.000357,0.000322,0.000345,9550.814013,3.295986
1709251200,0.000315,0.000323,0.000315,0.000316,2193.695218,0.694217
1709164800,0.000311,0.000325,0.000310,0.000314,5913.883544,1.857787
1709078400,0.000334,0.000339,0.000300,0.000314,8796.903743,2.761524
1708992000,0.000350,0.000350,0.000333,0.000337,3866.914975,1.302416
1708905600,0.000363,0.000363,0.000348,0.000351,2967.187348,1.040385
1708819200,0.000359,0.000363,0.000357,0.000362,534.007966,0.193252
1708732800,0.000353,0.000362,0.000351,0.000358,3600.780567,1.290304
1708646400,0.000354,0.000357,0.000348,0.000354,3276.160664,1.158581
1708560000,0.000359,0.000366,0.000353,0.000353,5808.462382,2.048064
1708473600,0.000368,0.000368,0.000354,0.000358,2684.185746,0.960026
1708387200,0.000383,0.000383,0.000362,0.000371,1392.227735,0.516377
1708300800,0.000385,0.000387,0.000379,0.000383,3458.681726,1.325436
1708214400,0.000387,0.000405,0.000383,0.000385,5080.962182,1.958406
1708128000,0.000374,0.000392,0.000374,0.000389,4362.641318,1.696195
1708041600,0.000383,0.000390,0.000371,0.000375,1661.476015,0.623103
1707955200,0.000390,0.000391,0.000380,0.000384,4365.670363,1.675806
1707868800,0.000400,0.000408,0.000386,0.000392,4956.655473,1.943653
1707782400,0.000408,0.000408,0.000398,0.000400,1077.952191,0.430653
1707696000,0.000422,0.000433,0.000406,0.000409,8105.555872,3.317280
1707609600,0.000398,0.000429,0.000398,0.000418,7341.737829,3.065396
1707523200,0.000391,0.000400,0.000385,0.000400,1320.317849,0.527757
1707436800,0.000399,0.000402,0.000383,0.000390,6070.760998,2.366504
1707350400,0.000424,0.000432,0.000397,0.000402,9781.439352,3.931160
1707264000,0.000423,0.000431,0.000421,0.000426,9351.017538,3.986058
1707177600,0.000450,0.000451,0.000424,0.000425,7582.240241,3.220253
1707091200,0.000423,0.000457,0.000420,0.000449,7052.636462,3.169949
1707004800,0.000418,0.000440,0.000411,0.000427,4413.775202,1.886050
1706918400,0.000411,0.000421,0.000406,0.000410,2509.265858,1.028398
1706832000,0.000401,0.000436,0.000401,0.000411,7375.402107,3.030331
1706745600,0.000364,0.000403,0.000359,0.000398,8947.424620,3.564028
1706659200,0.000361,0.000374,0.000356,0.000357,2884.072355,1.030104
1706572800,0.000346,0.000363,0.000344,0.000357,2452.660986,0.876017
1706486400,0.000345,0.000351,0.000343,0.000347,493.905645,0.171207
1706400000,0.000340,0.000345,0.000339,0.000344,307.553515,0.105672
1706313600,0.000339,0.000343,0.000339,0.000341,147.566109,0.050314
1706227200,0.000344,0.000347,0.000336,0.000339,3193.316102,1.081416
1706140800,0.000351,0.000351,0.000342,0.000346,1522.893715,0.527576
1706054400,0.000357,0.000357,0.000351,0.000353,1628.469853,0.574768
1705968000,0.000370,0.000370,0.000352,0.000361,3092.131803,1.114775
1705881600,0.000372,0.000386,0.000367,0.000367,2565.043577,0.941961
1705795200,0.000376,0.000380,0.000371,0.000371,3047.255447,1.130105
1705708800,0.000387,0.000397,0.000376,0.000378,6546.993947,2.472996
1705622400,0.000356,0.000390,0.000352,0.000387,6393.428955,2.477454
1705536000,0.000368,0.000368,0.000347,0.000355,2821.367762,1.002517
1705449600,0.000354,0.000384,0.000354,0.000368,2561.132510,0.942650
1705363200,0.000357,0.000358,0.000348,0.000353,3336.744358,1.179172
1705276800,0.000352,0.000374,0.000352,0.000357,5972.011483,2.131112
1705190400,0.000335,0.000359,0.000334,0.000352,11616.016636,4.093252
1705104000,0.000330,0.000341,0.000324,0.000335,10804.841766,3.623296
1705017600,0.000324,0.000339,0.000321,0.000329,9344.849142,3.076978
1704931200,0.000322,0.000336,0.000319,0.000324,4719.391713,1.527950
1704844800,0.000302,0.000323,0.000296,0.000322,15862.719696,5.101133
1704758400,0.000301,0.000317,0.000287,0.000297,12535.527315,3.725057
1704672000,0.000299,0.000308,0.000290,0.000301,3481.870283,1.047938
1704585600,0.000305,0.000314,0.000300,0.000300,6610.950905,1.982756
1704499200,0.000317,0.000317,0.000305,0.000305,1392.439878,0.424193
1704412800,0.000329,0.000331,0.000315,0.000319,9199.697385,2.930656
1704326400,0.000332,0.000336,0.000327,0.000329,3727.571262,1.225886
1704240000,0.000336,0.000355,0.000302,0.000331,8641.671881,2.857110
1704153600,0.000352,0.000352,0.000336,0.000337,2408.946422,0.812128
1704067200,0.000354,0.000359,0.000352,0.000354,230.933667,0.081690
1703980800,0.000360,0.000360,0.000353,0.000354,1482.282688,0.524239
1703894400,0.000368,0.000368,0.000358,0.000358,222.862582,0.079785
1703808000,0.000375,0.000378,0.000365,0.000367,1156.491686,0.424086
1703721600,0.000384,0.000404,0.000376,0.000378,17951.993003,6.780647
1703635200,0.000355,0.000384,0.000350,0.000382,999.148813,0.382045
1703548800,0.000358,0.000366,0.000343,0.000355,1925.443991,0.683340
1703462400,0.000355,0.000358,0.000352,0.000358,1846.296801,0.660291
1703376000,0.000356,0.000374,0.000353,0.000374,914.730723,0.341844
1703289600,0.000352,0.000363,0.000343,0.000360,2517.346834,0.905993
1703203200,0.000348,0.000368,0.000346,0.000352,8312.473607,2.923081
1703116800,0.000328,0.000348,0.000327,0.000348,3506.543341,1.220838
1703030400,0.000333,0.000338,0.000316,0.000325,5196.169887,1.687040
1702944000,0.000343,0.000357,0.000332,0.000332,7088.488595,2.352528
1702857600,0.000338,0.000349,0.000335,0.000344,2732.431155,0.939273
1702771200,0.000338,0.000340,0.000335,0.000337,202.698344,0.068326
1702684800,0.000338,0.000353,0.000338,0.000339,9587.379933,3.245616
1702598400,0.000357,0.000357,0.000344,0.000344,1994.095507,0.685530
1702512000,0.000345,0.000360,0.000343,0.000358,1630.383679,0.583531
1702425600,0.000351,0.000352,0.000342,0.000344,1000.586396,0.343801
1702339200,0.000357,0.000361,0.000346,0.000351,5125.145292,1.798618
1702252800,0.000375,0.000375,0.000338,0.000358,4936.470169,1.764936
1702166400,0.000371,0.000375,0.000363,0.000375,3112.168827,1.166690
1702080000,0.000384,0.000392,0.000369,0.000371,3133.849052,1.162877
1701993600,0.000363,0.000393,0.000358,0.000383,4139.149664,1.584880
1701907200,0.000349,0.000364,0.000341,0.000362,6779.500766,2.455061
1701820800,0.000358,0.000370,0.000350,0.000350,12241.935590,4.284677
1701734400,0.000378,0.000381,0.000350,0.000354,4841.601783,1.716203
1701648000,0.000393,0.000396,0.000365,0.000376,7336.410840,2.755042
1701561600,0.000405,0.000412,0.000398,0.000398,2303.774196,0.917225
1701475200,0.000387,0.000414,0.000387,0.000406,3444.354970,1.397685
1701388800,0.000379,0.000387,0.000379,0.000385,1236.715742,0.476667
1701302400,0.000383,0.000388,0.000379,0.000380,1064.138053,0.404702
1701216000,0.000383,0.000391,0.000382,0.000384,8051.988315,3.090192
1701129600,0.000382,0.000384,0.000374,0.000382,1410.513158,0.539310
1701043200,0.000396,0.000407,0.000360,0.000360,3847.836962,1.386914
1700956800,0.000391,0.000411,0.000387,0.000392,4164.265433,1.633766
1700870400,0.000382,0.000394,0.000382,0.000390,4474.355991,1.746744
1700784000,0.000386,0.000387,0.000379,0.000382,8425.420749,3.217247
1700697600,0.000379,0.000399,0.000379,0.000386,6090.222198,2.351922
1700611200,0.000374,0.000392,0.000374,0.000382,7857.880004,2.997938
1700524800,0.000386,0.000391,0.000369,0.000374,9888.806552,3.700688
1700438400,0.000404,0.000410,0.000385,0.000385,3845.263705,1.480004
1700352000,0.000379,0.000407,0.000379,0.000400,2271.865654,0.908474
1700265600,0.000374,0.000377,0.000358,0.000375,2613.100892,0.979024
1700179200,0.000387,0.000387,0.000358,0.000374,4760.988379,1.780038
1700092800,0.000396,0.000402,0.000380,0.000380,3975.039280,1.512463
1700006400,0.000399,0.000414,0.000393,0.000395,4019.275274,1.585885
1699920000,0.000394,0.000403,0.000384,0.000392,1616.726306,0.633773
1699833600,0.000428,0.000428,0.000395,0.000398,3101.332383,1.233369
1699747200,0.000428,0.000440,0.000422,0.000436,412.647901,0.179770
1699660800,0.000418,0.000448,0.000400,0.000438,11196.057414,4.902194
1699574400,0.000406,0.000417,0.000390,0.000417,2113.315253,0.880935
1699488000,0.000420,0.000424,0.000375,0.000402,10718.387727,4.309328
1699401600,0.000377,0.000420,0.000374,0.000420,17591.705828,7.379721
1699315200,0.000374,0.000381,0.000362,0.000369,3466.183483,1.277601
1699228800,0.000352,0.000374,0.000349,0.000373,6620.443241,2.467572
1699142400,0.000334,0.000354,0.000334,0.000344,6765.820623,2.324871
1699056000,0.000329,0.000329,0.000325,0.000325,1876.912332,0.609584
1698969600,0.000314,0.000333,0.000314,0.000333,794.575811,0.264896
1698883200,0.000325,0.000325,0.000316,0.000318,2772.486557,0.880930
1698796800,0.000329,0.000335,0.000314,0.000327,1102.951468,0.360158
1698710400,0.000328,0.000350,0.000322,0.000328,836.363083,0.274519
1698624000,0.000328,0.000341,0.000321,0.000325,1220.982424,0.397137
1698537600,0.000321,0.000327,0.000320,0.000322,546.679277,0.176036
1698451200,0.000327,0.000340,0.000321,0.000322,4066.111050,1.308719
1698364800,0.000324,0.000336,0.000317,0.000331,6469.331578,2.140831
1698278400,0.000317,0.000324,0.000308,0.000321,2401.708845,0.771069
1698192000,0.000307,0.000339,0.000307,0.000319,7909.968626,2.521856
1698105600,0.000319,0.000334,0.000292,0.000308,8928.819500,2.745701
1698019200,0.000340,0.000370,0.000310,0.000320,29862.967826,9.541815
1697932800,0.000303,0.000340,0.000301,0.000340,16467.564041,5.595020
1697846400,0.000261,0.000303,0.000261,0.000296,10585.619583,3.135990
1697760000,0.000255,0.000256,0.000255,0.000256,28.652380,0.007337
1697673600,0.000258,0.000259,0.000256,0.000256,528.382632,0.135012
1697587200,0.000257,0.000263,0.000257,0.000262,2274.691777,0.596970
1697500800,0.000264,0.000264,0.000257,0.000257,283.910048,0.072922
1697414400,0.000273,0.000273,0.000260,0.000263,6869.480249,1.806192
1697328000,0.000274,0.000274,0.000274,0.000274,54.127906,0.014832
1697241600,0.000271,0.000271,0.000271,0.000271,135.279513,0.036628
1697155200,0.000266,0.000272,0.000266,0.000270,594.843355,0.160608
1697068800,0.000274,0.000274,0.000259,0.000271,11942.702136,3.239816
1696982400,0.000275,0.000277,0.000274,0.000276,342.460338,0.094632
1696896000,0.000265,0.000265,0.000264,0.000265,114.955499,0.030495
1696809600,0.000273,0.000273,0.000262,0.000264,1773.960231,0.467917
1696723200,0.000270,0.000283,0.000270,0.000278,3626.158302,1.007999
1696636800,0.000272,0.000272,0.000269,0.000270,1263.642730,0.340994
1696550400,0.000274,0.000275,0.000273,0.000275,4788.227362,1.315901
1696464000,0.000276,0.000277,0.000273,0.000274,1237.453986,0.338518
1696377600,0.000268,0.000279,0.000266,0.000278,5150.441863,1.430535
1696291200,0.000273,0.000278,0.000273,0.000273,3552.119583,0.968308
1696204800,0.000286,0.000286,0.000268,0.000270,8820.093766,2.379749
1696118400,0.000303,0.000303,0.000286,0.000287,3565.298591,1.023811
1696032000,0.000297,0.000306,0.000297,0.000301,739.754010,0.222718
1695945600,0.000288,0.000299,0.000285,0.000297,1237.611670,0.368016
1695859200,0.000290,0.000297,0.000289,0.000295,3509.424357,1.033876
1695772800,0.000285,0.000291,0.000285,0.000291,3422.747211,0.997217
1695686400,0.000286,0.000286,0.000277,0.000284,553.371737,0.157318
1695600000,0.000267,0.000285,0.000267,0.000285,2968.475339,0.845095
1695513600,0.000273,0.000273,0.000266,0.000266,153.614709,0.040924
1695427200,0.000265,0.000276,0.000262,0.000272,8583.987803,2.331068
1695340800,0.000253,0.000262,0.000253,0.000262,493.092737,0.129176
1695254400,0.000254,0.000254,0.000251,0.000253,1603.368924,0.406005
1695168000,0.000252,0.000255,0.000252,0.000255,2135.872980,0.544754
1695081600,0.000249,0.000254,0.000248,0.000251,2241.643588,0.562653
1694995200,0.000236,0.000251,0.000235,0.000247,3746.608894,0.923764
1694908800,0.000234,0.000235,0.000231,0.000231,83.475874,0.019293
1694822400,0.000237,0.000237,0.000234,0.000236,271.176248,0.063962
1694736000,0.000237,0.000237,0.000236,0.000236,82.953817,0.019599
1694649600,0.000229,0.000229,0.000228,0.000228,375.760000,0.085861
1694563200,0.000229,0.000229,0.000229,0.000229,0.000000,0.000000
1694476800,0.000232,0.000232,0.000229,0.000229,724.197289,0.165638
1694390400,0.000233,0.000233,0.000229,0.000231,517.080611,0.119559
1694304000,0.000237,0.000237,0.000236,0.000236,32.130241,0.007586
1694217600,0.000242,0.000242,0.000242,0.000242,127.283708,0.030795
1694131200,0.000240,0.000242,0.000240,0.000242,25.057675,0.006062
1694044800,0.000247,0.000247,0.000245,0.000245,65.978847,0.016151
1693958400,0.000241,0.000244,0.000240,0.000244,676.402915,0.165238
1693872000,0.000232,0.000238,0.000232,0.000237,1429.947102,0.339527
1693785600,0.000235,0.000236,0.000234,0.000234,1771.949500,0.414867
1693699200,0.000232,0.000232,0.000232,0.000232,1.404030,0.000325
1693612800,0.000231,0.000231,0.000230,0.000230,772.362880,0.177304
1693526400,0.000230,0.000231,0.000227,0.000229,1167.761152,0.267476
1693440000,0.000222,0.000224,0.000221,0.000224,734.349994,0.164840
1693353600,0.000223,0.000223,0.000218,0.000218,915.943633,0.199685
1693267200,0.000228,0.000228,0.000222,0.000222,2576.211424,0.572202
1693180800,0.000228,0.000231,0.000228,0.000229,1936.943225,0.444160
1693094400,0.000230,0.000230,0.000230,0.000230,342.841324,0.078919
1693008000,0.000230,0.000230,0.000230,0.000230,4.091029,0.000940
1692921600,0.000231,0.000231,0.000228,0.000229,555.316983,0.126940
1692835200,0.000232,0.000232,0.000232,0.000232,0.836890,0.000194
1692748800,0.000238,0.000243,0.000238,0.000239,944.262991,0.225660
1692662400,0.000238,0.000238,0.000231,0.000231,3006.081216,0.695006
1692576000,0.000234,0.000237,0.000234,0.000237,43.797834,0.010376
1692489600,0.000236,0.000236,0.000236,0.000236,396.355090,0.093706
1692403200,0.000238,0.000238,0.000235,0.000235,1683.345346,0.395620
1692316800,0.000231,0.000238,0.000231,0.000238,275.460098,0.065430
1692230400,0.000235,0.000244,0.000221,0.000234,22860.847340,5.347381
1692144000,0.000242,0.000242,0.000231,0.000233,475.615242,0.110733
1692057600,0.000251,0.000251,0.000234,0.000242,4111.430652,0.994432
1691971200,0.000252,0.000256,0.000252,0.000255,79.525899,0.020239
1691884800,0.000252,0.000256,0.000252,0.000253,13.248394,0.003358
1691798400,0.000252,0.000254,0.000251,0.000253,48.101789,0.012162
1691712000,0.000259,0.000259,0.000253,0.000253,32.074302,0.008130
1691625600,0.000260,0.000262,0.000257,0.000258,55.466332,0.014308
1691539200,0.000248,0.000264,0.000248,0.000262,315.582562,0.082661
1691452800,0.000252,0.000253,0.000248,0.000250,405.728379,0.101310
1691366400,0.000244,0.000253,0.000242,0.000250,670.381876,0.167575
1691280000,0.000247,0.000247,0.000244,0.000244,195.708090,0.047753
1691193600,0.000245,0.000248,0.000245,0.000248,499.637045,0.124030
1691107200,0.000244,0.000246,0.000243,0.000244,1134.420834,0.276322
1691020800,0.000253,0.000265,0.000245,0.000245,3515.737362,0.860125
1690934400,0.000257,0.000261,0.000254,0.000254,226.105270,0.057438
1690848000,0.000255,0.000259,0.000255,0.000258,2130.669533,0.550714
1690761600,0.000259,0.000261,0.000256,0.000257,216.585570,0.055649
1690675200,0.000267,0.000268,0.000254,0.000258,864.632892,0.223266
1690588800,0.000266,0.000268,0.000264,0.000267,4861.925306,1.296675
1690502400,0.000272,0.000273,0.000265,0.000265,61.337169,0.016254
1690416000,0.000270,0.000276,0.000269,0.000272,1002.705886,0.273097
1690329600,0.000252,0.000265,0.000251,0.000264,1301.273383,0.343133
1690243200,0.000262,0.000262,0.000253,0.000254,2423.347204,0.616063
1690156800,0.000260,0.000261,0.000257,0.000261,2921.207504,0.761588
1690070400,0.000264,0.000268,0.000262,0.000262,2025.709366,0.530655
1689984000,0.000274,0.000275,0.000264,0.000264,1111.782129,0.293655
1689897600,0.000279,0.000280,0.000271,0.000271,2617.222898,0.709058
1689811200,0.000233,0.000282,0.000232,0.000276,10216.013568,2.820233
1689724800,0.000232,0.000240,0.000227,0.000231,11003.381001,2.538040
1689638400,0.000240,0.000243,0.000229,0.000232,6248.586178,1.450047
1689552000,0.000219,0.000240,0.000217,0.000238,1377.592903,0.328363
1689465600,0.000228,0.000228,0.000219,0.000219,136.352313,0.029830
1689379200,0.000227,0.000231,0.000226,0.000228,120.461885,0.027517
1689292800,0.000226,0.000233,0.000223,0.000227,699.215432,0.158393
1689206400,0.000206,0.000223,0.000206,0.000222,3317.602932,0.735645
1689120000,0.000203,0.000207,0.000203,0.000206,100.862209,0.020767
1689033600,0.000203,0.000203,0.000202,0.000202,115.860423,0.023412
1688947200,0.000202,0.000204,0.000201,0.000204,203.216448,0.041434
1688860800,0.000205,0.000205,0.000203,0.000203,404.809865,0.082205
1688774400,0.000204,0.000205,0.000204,0.000205,52.153333,0.010680
1688688000,0.000203,0.000204,0.000202,0.000203,1283.843933,0.260171
1688601600,0.000207,0.000208,0.000203,0.000204,1281.234746,0.261449
1688515200,0.000212,0.000212,0.000206,0.000206,53.833702,0.011099
1688428800,0.000212,0.000212,0.000209,0.000211,59.797458,0.012627
1688342400,0.000213,0.000216,0.000213,0.000213,58.760646,0.012527
1688256000,0.000210,0.000213,0.000209,0.000212,160.066219,0.033897
1688169600,0.000208,0.000213,0.000202,0.000213,3940.018086,0.838554
1688083200,0.000194,0.000211,0.000193,0.000206,1808.067509,0.371956
1687996800,0.000194,0.000198,0.000193,0.000195,276.345404,0.053752
1687910400,0.000201,0.000201,0.000193,0.000194,247.031888,0.047828
1687824000,0.000203,0.000205,0.000200,0.000202,135.331466,0.027294
1687737600,0.000200,0.000205,0.000200,0.000201,96.709074,0.019451
1687651200,0.000201,0.000207,0.000201,0.000201,1385.788310,0.278959
1687564800,0.000198,0.000201,0.000197,0.000200,111.159412,0.022264
1687478400,0.000188,0.000199,0.000188,0.000197,871.562748,0.171855
1687392000,0.000188,0.000192,0.000186,0.000186,753.532658,0.140232
1687305600,0.000186,0.000186,0.000181,0.000185,1338.900882,0.247081
1687219200,0.000191,0.000191,0.000186,0.000186,56.454271,0.010510
1687132800,0.000195,0.000196,0.000190,0.000191,611.542003,0.116529
1687046400,0.000198,0.000198,0.000194,0.000196,83.308469,0.016328
1686960000,0.000202,0.000203,0.000199,0.000199,537.030754,0.106917
1686873600,0.000207,0.000208,0.000202,0.000203,116.681624,0.023646
1686787200,0.000211,0.000212,0.000209,0.000209,637.339415,0.132962
1686700800,0.000204,0.000211,0.000204,0.000209,102.502187,0.021400
1686614400,0.000199,0.000204,0.000199,0.000204,327.709275,0.066758
1686528000,0.000196,0.000201,0.000196,0.000199,132.033161,0.026337
1686441600,0.000202,0.000208,0.000199,0.000200,310.157107,0.061889
1686355200,0.000225,0.000225,0.000192,0.000203,9653.363936,1.957895
1686268800,0.000224,0.000227,0.000224,0.000226,458.849400,0.103571
1686182400,0.000226,0.000227,0.000225,0.000227,65.204217,0.014798
1686096000,0.000233,0.000233,0.000223,0.000223,761.924773,0.169917
1686009600,0.000236,0.000242,0.000230,0.000230,2311.492091,0.531643
1685923200,0.000239,0.000239,0.000233,0.000235,6650.774525,1.562333
1685836800,0.000239,0.000240,0.000238,0.000240,64.610638,0.015490
1685750400,0.000237,0.000237,0.000236,0.000236,14.975175,0.003531
1685664000,0.000238,0.000239,0.000235,0.000237,67.219656,0.015912
1685577600,0.000239,0.000241,0.000237,0.000237,169.221044,0.040112
1685491200,0.000239,0.000240,0.000228,0.000238,12380.507323,2.941361
1685404800,0.000240,0.000240,0.000235,0.000238,6849.862037,1.632528
1685318400,0.000236,0.000240,0.000235,0.000240,4044.048274,0.970410
1685232000,0.000240,0.000240,0.000236,0.000237,386.961038,0.091625
1685145600,0.000238,0.000240,0.000237,0.000240,26.441090,0.006338
1685059200,0.000238,0.000239,0.000237,0.000237,4774.692901,1.133846
1684972800,0.000240,0.000241,0.000237,0.000237,3352.695325,0.796198
1684886400,0.000239,0.000241,0.000237,0.000240,1666.825202,0.399971
1684800000,0.000243,0.000243,0.000239,0.000240,422.522835,0.101397
1684713600,0.000240,0.000245,0.000240,0.000243,25.258219,0.006132
1684627200,0.000240,0.000241,0.000238,0.000240,3459.487355,0.829827
1684540800,0.000242,0.000242,0.000240,0.000241,1389.017831,0.334128
1684454400,0.000243,0.000243,0.000241,0.000242,1167.884012,0.283095
1684368000,0.000247,0.000247,0.000243,0.000244,4349.926901,1.060556
1684281600,0.000246,0.000249,0.000245,0.000247,2489.537409,0.614119
1684195200,0.000244,0.000248,0.000243,0.000246,2874.179946,0.706847
1684108800,0.000243,0.000245,0.000242,0.000244,23844.455961,5.809940
1684022400,0.000243,0.000244,0.000241,0.000242,8450.286381,2.045476
1683936000,0.000248,0.000248,0.000242,0.000242,30182.602940,7.318979
1683849600,0.000236,0.000246,0.000236,0.000246,9185.744479,2.260520
1683763200,0.000238,0.000238,0.000232,0.000236,2872.147789,0.678401
1683676800,0.000236,0.000239,0.000234,0.000238,3585.557928,0.854905
1683590400,0.000239,0.000239,0.000235,0.000235,5167.706091,1.216530
1683504000,0.000239,0.000243,0.000235,0.000238,3310.682469,0.787876
1683417600,0.000239,0.000242,0.000239,0.000242,10216.706651,2.473567
1683331200,0.000245,0.000245,0.000240,0.000240,3372.167857,0.808275
1683244800,0.000242,0.000247,0.000240,0.000244,2754.124212,0.672061
1683158400,0.000245,0.000245,0.000241,0.000242,3309.794451,0.799415
1683072000,0.000243,0.000246,0.000241,0.000246,1475.172827,0.362848
1682985600,0.000246,0.000247,0.000241,0.000243,2271.820782,0.552779
1682899200,0.000241,0.000246,0.000241,0.000246,11613.265182,2.853031
1682812800,0.000245,0.000248,0.000240,0.000240,1936.424264,0.465613
1682726400,0.000241,0.000246,0.000241,0.000245,50.183816,0.012309
1682640000,0.000242,0.000244,0.000240,0.000240,83.572511,0.020095
1682553600,0.000246,0.000247,0.000242,0.000244,4275.627087,1.041457
1682467200,0.000256,0.000258,0.000245,0.000247,4337.385513,1.069773
1682380800,0.000257,0.000271,0.000255,0.000258,8904.538765,2.293008
1682294400,0.000257,0.000262,0.000256,0.000257,5322.162519,1.366731
1682208000,0.000255,0.000259,0.000252,0.000254,7587.435416,1.927588
1682121600,0.000262,0.000263,0.000258,0.000258,3095.043739,0.798614
1682035200,0.000268,0.000268,0.000258,0.000261,2861.874731,0.746491
1681948800,0.000271,0.000276,0.000264,0.000269,2129.480774,0.573384
1681862400,0.000281,0.000284,0.000269,0.000269,15570.363681,4.186404
1681776000,0.000278,0.000290,0.000274,0.000282,2353.044804,0.664123
1681689600,0.000269,0.000280,0.000264,0.000277,3623.144442,1.005060
1681603200,0.000265,0.000269,0.000261,0.000268,10690.101085,2.867085
1681516800,0.000253,0.000266,0.000252,0.000264,6217.911899,1.641280
1681430400,0.000246,0.000257,0.000246,0.000254,3325.629130,0.844710
1681344000,0.000241,0.000247,0.000239,0.000246,18786.623125,4.617752
1681257600,0.000241,0.000244,0.000238,0.000241,2930.373328,0.707216
1681171200,0.000248,0.000248,0.000244,0.000244,2720.576204,0.662896
1681084800,0.000254,0.000255,0.000247,0.000247,3388.678497,0.837376
1680998400,0.000256,0.000256,0.000254,0.000255,2506.185409,0.638050
1680912000,0.000260,0.000260,0.000255,0.000255,532.915117,0.136149
1680825600,0.000257,0.000261,0.000256,0.000261,730.890872,0.190631
1680739200,0.000259,0.000260,0.000255,0.000256,10652.619609,2.722277
1680652800,0.000262,0.000266,0.000259,0.000260,13065.720057,3.403620
1680566400,0.000262,0.000263,0.000259,0.000261,472.229695,0.123474
1680480000,0.000258,0.000263,0.000257,0.000260,19418.411066,5.045292
1680393600,0.000264,0.000265,0.000257,0.000257,3077.038393,0.791045
1680307200,0.000267,0.000267,0.000263,0.000265,227.480903,0.060182
1680220800,0.000259,0.000273,0.000259,0.000267,2395.473763,0.639999
1680134400,0.000259,0.000262,0.000256,0.000257,807.134166,0.207377
1680048000,0.000256,0.000262,0.000254,0.000261,578.851285,0.150843
1679961600,0.000252,0.000256,0.000251,0.000255,2526.637511,0.645051
1679875200,0.000259,0.000260,0.000252,0.000254,554.827802,0.140688
1679788800,0.000257,0.000261,0.000257,0.000260,2123.812136,0.552170
1679702400,0.000262,0.000263,0.000257,0.000258,157.434872,0.040576
1679616000,0.000269,0.000269,0.000260,0.000263,1113.055936,0.292222
1679529600,0.000262,0.000270,0.000260,0.000268,5637.395493,1.510596
1679443200,0.000263,0.000273,0.000260,0.000261,8829.031264,2.304995
1679356800,0.000254,0.000264,0.000249,0.000262,3665.000244,0.961733
1679270400,0.000254,0.000269,0.000253,0.000254,11030.424372,2.804596
1679184000,0.000258,0.000262,0.000253,0.000253,4958.032552,1.256812
1679097600,0.000262,0.000266,0.000257,0.000257,3077.489288,0.791530
1679011200,0.000266,0.000270,0.000259,0.000264,17963.631674,4.734854
1678924800,0.000270,0.000271,0.000264,0.000265,3568.785957,0.947156
1678838400,0.000282,0.000286,0.000266,0.000269,7210.061144,1.941525
1678752000,0.000279,0.000283,0.000266,0.000282,42940.555678,12.107948
1678665600,0.000298,0.000298,0.000277,0.000280,27226.548103,7.610909
1678579200,0.000300,0.000303,0.000297,0.000299,53171.961998,15.903734
1678492800,0.000308,0.000310,0.000294,0.000301,65206.277900,19.641435
1678406400,0.000303,0.000311,0.000301,0.000310,9446.491425,2.930491
1678320000,0.000304,0.000307,0.000298,0.000303,12320.928036,3.732502
1678233600,0.000311,0.000312,0.000299,0.000304,3749.960861,1.138713
1678147200,0.000308,0.000310,0.000302,0.000305,4151.300509,1.265939
1678060800,0.000309,0.000310,0.000306,0.000308,4723.023455,1.452896
1677974400,0.000306,0.000312,0.000305,0.000311,1682.493697,0.523171
1677888000,0.000312,0.000313,0.000306,0.000306,209.862847,0.064317
1677801600,0.000310,0.000311,0.000302,0.000311,1539.536239,0.478026
1677715200,0.000319,0.000320,0.000309,0.000310,18623.970870,5.777901
1677628800,0.000310,0.000319,0.000310,0.000319,1724.259381,0.549832
1677542400,0.000309,0.000315,0.000308,0.000311,2050.753721,0.637518
1677456000,0.000318,0.000318,0.000307,0.000309,16763.854142,5.173828
1677369600,0.000319,0.000320,0.000316,0.000318,1191.923137,0.379353
1677283200,0.000322,0.000323,0.000315,0.000318,3029.005431,0.964072
1677196800,0.000332,0.000341,0.000316,0.000322,11737.146421,3.773610
1677110400,0.000320,0.000340,0.000318,0.000332,10687.905259,3.548598
1677024000,0.000313,0.000320,0.000307,0.000320,2802.876533,0.896024
1676937600,0.000324,0.000324,0.000311,0.000313,635.568100,0.198761
1676851200,0.000330,0.000342,0.000320,0.000323,5117.933026,1.654116
1676764800,0.000325,0.000333,0.000321,0.000330,6728.896422,2.220401
1676678400,0.000310,0.000335,0.000307,0.000327,26442.672816,8.646754
1676592000,0.000298,0.000311,0.000298,0.000311,6110.518453,1.903304
1676505600,0.000296,0.000300,0.000291,0.000298,3319.892924,0.988598
1676419200,0.000307,0.000307,0.000295,0.000299,7071.539650,2.116370
1676332800,0.000306,0.000307,0.000304,0.000306,93.184733,0.028546
1676246400,0.000313,0.000313,0.000300,0.000305,4334.653945,1.322373
1676160000,0.000320,0.000321,0.000311,0.000313,2348.214777,0.734146
1676073600,0.000318,0.000321,0.000317,0.000321,2369.561303,0.761482
1675987200,0.000322,0.000325,0.000313,0.000319,3183.520448,1.015734
1675900800,0.000310,0.000343,0.000307,0.000320,37469.019799,11.988962
1675814400,0.000310,0.000316,0.000307,0.000310,3032.655624,0.939304
1675728000,0.000303,0.000310,0.000302,0.000310,124.308343,0.038492
1675641600,0.000304,0.000307,0.000299,0.000299,1293.767714,0.386681
1675555200,0.000310,0.000310,0.000300,0.000303,933.726522,0.283097
1675468800,0.000311,0.000313,0.000306,0.000312,62.068047,0.019342
1675382400,0.000302,0.000311,0.000301,0.000311,357.365607,0.111123
1675296000,0.000304,0.000310,0.000302,0.000303,1807.639604,0.547697
1675209600,0.000302,0.000304,0.000292,0.000304,1108.424768,0.337493
1675123200,0.000303,0.000306,0.000301,0.000302,542.706879,0.163740
1675036800,0.000311,0.000312,0.000301,0.000304,2121.463322,0.644522
1674950400,0.000312,0.000318,0.000310,0.000311,389.517761,0.121058
1674864000,0.000321,0.000323,0.000311,0.000313,2324.734764,0.727665
1674777600,0.000315,0.000322,0.000307,0.000319,3616.981923,1.152370
1674691200,0.000302,0.000314,0.000300,0.000313,3820.629018,1.197079
1674604800,0.000294,0.000302,0.000294,0.000301,3369.834566,1.014320
1674518400,0.000306,0.000312,0.000290,0.000293,3685.074959,1.080353
1674432000,0.000310,0.000315,0.000305,0.000306,4398.425200,1.348029
1674345600,0.000301,0.000316,0.000300,0.000306,33410.321484,10.227902
1674259200,0.000306,0.000314,0.000299,0.000302,15098.891455,4.557600
1674172800,0.000309,0.000311,0.000306,0.000307,4863.519746,1.491350
1674086400,0.000306,0.000310,0.000306,0.000309,7145.948306,2.209384
1674000000,0.000322,0.000327,0.000303,0.000308,22544.529508,6.933795
1673913600,0.000314,0.000327,0.000314,0.000322,4096.207360,1.320904
1673827200,0.000321,0.000327,0.000312,0.000315,5455.523549,1.718872
1673740800,0.000326,0.000329,0.000319,0.000321,4408.388055,1.415004
1673654400,0.000332,0.000343,0.000319,0.000327,80628.448805,26.370340
1673568000,0.000338,0.000339,0.000329,0.000331,13184.915905,4.364471
1673481600,0.000351,0.000353,0.000336,0.000338,3409.691492,1.154112
1673395200,0.000353,0.000355,0.000348,0.000351,1453.071234,0.509737
1673308800,0.000352,0.000360,0.000352,0.000353,1437.663677,0.507768
1673222400,0.000349,0.000360,0.000349,0.000354,1687.179797,0.596857
1673136000,0.000341,0.000348,0.000341,0.000348,1541.880622,0.536436
1673049600,0.000340,0.000350,0.000340,0.000342,1484.081542,0.507704
1672963200,0.000336,0.000337,0.000333,0.000337,2748.891594,0.927146
1672876800,0.000344,0.000344,0.000335,0.000335,8776.063995,2.942702
1672790400,0.000339,0.000345,0.000338,0.000344,7701.072979,2.649554
1672704000,0.000342,0.000342,0.000335,0.000335,44.194560,0.014808
1672617600,0.000339,0.000343,0.000336,0.000340,38.327543,0.013046
1672531200,0.000334,0.000339,0.000334,0.000338,36.510342,0.012336
1672444800,0.000329,0.000338,0.000327,0.000337,284.707681,0.095864
1672358400,0.000337,0.000338,0.000320,0.000320,254.972924,0.081591
1672272000,0.000338,0.000345,0.000330,0.000336,745.300257,0.250413
1672185600,0.000350,0.000351,0.000342,0.000342,397.687121,0.135953
1672099200,0.000355,0.000357,0.000351,0.000355,98.489827,0.034946
1672012800,0.000355,0.000357,0.000353,0.000357,69.426367,0.024803
1671926400,0.000351,0.000355,0.000351,0.000354,1782.681332,0.631568
1671840000,0.000356,0.000356,0.000350,0.000351,341.729696,0.119869
1671753600,0.000356,0.000360,0.000351,0.000353,418.143158,0.147550
1671667200,0.000356,0.000360,0.000353,0.000357,695.907978,0.248112
1671580800,0.000354,0.000357,0.000351,0.000357,286.531394,0.102323
1671494400,0.000353,0.000370,0.000353,0.000356,1797.401091,0.639821
1671408000,0.000358,0.000362,0.000350,0.000351,4991.871442,1.751448
1671321600,0.000358,0.000360,0.000356,0.000360,424.458027,0.152728
1671235200,0.000354,0.000361,0.000353,0.000360,282.853775,0.101776
1671148800,0.000373,0.000375,0.000350,0.000355,302.054001,0.107202
1671062400,0.000378,0.000380,0.000370,0.000370,1277.811340,0.472790
1670976000,0.000387,0.000388,0.000374,0.000377,463.186292,0.174816
1670889600,0.000388,0.000394,0.000378,0.000387,5073.109725,1.961569
1670803200,0.000393,0.000396,0.000387,0.000390,1316.933748,0.513604
1670716800,0.000403,0.000405,0.000397,0.000397,1955.405601,0.776237
1670630400,0.000399,0.000401,0.000395,0.000400,1037.117439,0.414515
1670544000,0.000406,0.000409,0.000398,0.000401,699.419173,0.280348
1670457600,0.000409,0.000410,0.000405,0.000408,589.309685,0.240621
1670371200,0.000417,0.000417,0.000404,0.000411,10332.122262,4.244126
1670284800,0.000429,0.000430,0.000414,0.000417,4780.139160,1.992792
1670198400,0.000434,0.000438,0.000425,0.000428,1809.727113,0.773731
1670112000,0.000431,0.000436,0.000425,0.000436,2305.712808,1.004760
1670025600,0.000445,0.000445,0.000428,0.000428,2601.529791,1.114157
1669939200,0.000452,0.000455,0.000443,0.000444,3095.691198,1.374951
1669852800,0.000447,0.000459,0.000438,0.000454,1661.537221,0.754853
1669766400,0.000447,0.000451,0.000436,0.000446,2864.255362,1.278260
1669680000,0.000444,0.000453,0.000440,0.000447,9283.777664,4.149477
1669593600,0.000420,0.000450,0.000405,0.000443,5512.970588,2.442632
1669507200,0.000437,0.000440,0.000420,0.000420,9911.828552,4.161085
1669420800,0.000415,0.000439,0.000412,0.000433,452.533749,0.195857
1669334400,0.000410,0.000420,0.000408,0.000415,7305.734585,3.029761
1669248000,0.000404,0.000414,0.000401,0.000414,82.483135,0.034127
1669161600,0.000390,0.000412,0.000382,0.000410,3910.657478,1.603370
1669075200,0.000370,0.000400,0.000370,0.000390,1148.596941,0.448102
1668988800,0.000356,0.000360,0.000355,0.000358,186.490803,0.066710
1668902400,0.000369,0.000374,0.000353,0.000353,3418.866601,1.205527
1668816000,0.000367,0.000373,0.000363,0.000373,345.537221,0.128913
1668729600,0.000370,0.000375,0.000366,0.000369,2739.700732,1.010950
1668643200,0.000370,0.000379,0.000370,0.000371,29.689194,0.011028
1668556800,0.000390,0.000390,0.000370,0.000376,90.610952,0.034031
1668470400,0.000380,0.000390,0.000370,0.000380,7819.536155,2.971424
1668384000,0.000363,0.000379,0.000357,0.000375,419.719560,0.157500
1668297600,0.000385,0.000385,0.000365,0.000371,713.056577,0.264729
1668211200,0.000407,0.000407,0.000374,0.000374,3693.928644,1.383118
1668124800,0.000409,0.000420,0.000400,0.000410,9802.037857,4.018836
1668038400,0.000399,0.000420,0.000389,0.000403,10629.944826,4.288120
1667952000,0.000420,0.000423,0.000360,0.000390,14940.683520,5.819695
1667865600,0.000437,0.000464,0.000380,0.000416,23459.570187,9.755897
1667779200,0.000388,0.000442,0.000384,0.000433,15251.267432,6.610052
1667692800,0.000406,0.000412,0.000387,0.000389,2326.650931,0.905742
1667606400,0.000415,0.000422,0.000403,0.000407,4736.673696,1.928395
1667520000,0.000381,0.000421,0.000380,0.000411,10803.130232,4.444732
1667433600,0.000367,0.000396,0.000367,0.000381,7525.184509,2.870557
1667347200,0.000373,0.000385,0.000365,0.000369,6916.053609,2.552992
1667260800,0.000384,0.000384,0.000374,0.000375,3895.536322,1.462501
1667174400,0.000380,0.000410,0.000377,0.000382,8691.862842,3.316033
1667088000,0.000368,0.000390,0.000364,0.000378,13499.649600,5.104488
1667001600,0.000346,0.000368,0.000342,0.000365,5724.052633,2.087734
1666915200,0.000341,0.000348,0.000340,0.000346,132.195538,0.045762
1666828800,0.000347,0.000353,0.000339,0.000341,13064.944792,4.449398
1666742400,0.000351,0.000355,0.000343,0.000344,5159.424228,1.774274
1666656000,0.000357,0.000360,0.000349,0.000352,681.767433,0.239791
1666569600,0.000361,0.000362,0.000355,0.000358,178.734046,0.063912
1666483200,0.000358,0.000363,0.000355,0.000358,1871.665276,0.669663
1666396800,0.000355,0.000361,0.000352,0.000358,2284.260297,0.817537
1666310400,0.000349,0.000355,0.000343,0.000354,2338.707461,0.827949
1666224000,0.000354,0.000359,0.000349,0.000350,146.800227,0.051336
1666137600,0.000367,0.000367,0.000353,0.000353,178.549649,0.063076
1666051200,0.000372,0.000372,0.000363,0.000369,994.162103,0.366846
1665964800,0.000373,0.000380,0.000370,0.000376,6719.525643,2.523585
1665878400,0.000368,0.000373,0.000366,0.000373,3341.074687,1.245720
1665792000,0.000360,0.000370,0.000360,0.000370,2802.735342,1.036031
1665705600,0.000364,0.000370,0.000357,0.000359,12782.470105,4.591591
1665619200,0.000373,0.000444,0.000345,0.000363,6412.132155,2.326899
1665532800,0.000378,0.000380,0.000373,0.000375,2775.543620,1.039968
1665446400,0.000380,0.000384,0.000375,0.000376,23037.930194,8.664105
1665360000,0.000392,0.000402,0.000385,0.000397,17396.062983,6.912326
1665273600,0.000383,0.000396,0.000383,0.000392,786.479807,0.308607
1665187200,0.000390,0.000400,0.000384,0.000384,3208.171328,1.231200
1665100800,0.000383,0.000392,0.000380,0.000390,522.723554,0.203852
1665014400,0.000390,0.000390,0.000383,0.000384,809.581277,0.311146
1664928000,0.000380,0.000396,0.000378,0.000392,5402.613500,2.119121
1664841600,0.000381,0.000389,0.000370,0.000382,5951.315622,2.273760
1664755200,0.000373,0.000376,0.000367,0.000374,9364.981702,3.503627
1664668800,0.000386,0.000391,0.000375,0.000376,5125.182129,1.926966
1664582400,0.000391,0.000395,0.000380,0.000382,979.686937,0.374652
1664496000,0.000401,0.000404,0.000385,0.000390,10569.373725,4.124592
1664409600,0.000396,0.000417,0.000395,0.000404,541.702626,0.218767
1664323200,0.000426,0.000447,0.000400,0.000403,8535.191967,3.437634
1664236800,0.000414,0.000427,0.000405,0.000422,8551.844165,3.611444
1664150400,0.000420,0.000420,0.000399,0.000409,7954.475560,3.252983
1664064000,0.000409,0.000422,0.000405,0.000419,13947.025331,5.838364
1663977600,0.000387,0.000411,0.000380,0.000403,23134.389164,9.323159
1663891200,0.000368,0.000391,0.000366,0.000387,14675.050504,5.672494
1663804800,0.000363,0.000370,0.000361,0.000365,1542.016591,0.563283
1663718400,0.000363,0.000373,0.000357,0.000364,7444.974525,2.712502
1663632000,0.000375,0.000380,0.000363,0.000363,710.196882,0.257851
1663545600,0.000390,0.000390,0.000374,0.000375,4525.725851,1.697645
1663459200,0.000406,0.000406,0.000384,0.000387,5869.219450,2.271329
1663372800,0.000389,0.000405,0.000385,0.000404,3160.453150,1.275338
1663286400,0.000385,0.000394,0.000378,0.000385,11245.583872,4.326963
1663200000,0.000364,0.000381,0.000358,0.000381,4977.293472,1.894756
1663113600,0.000358,0.000358,0.000358,0.000358,0.000000,0.000000
1663027200,0.000345,0.000358,0.000345,0.000358,8911.801830,3.186593
1662940800,0.000363,0.000363,0.000347,0.000350,5182.451637,1.813858
1662854400,0.000367,0.000372,0.000364,0.000368,5232.755541,1.926962
1662768000,0.000364,0.000377,0.000364,0.000369,4536.284606,1.672483
1662681600,0.000390,0.000395,0.000362,0.000363,4178.567431,1.516569
1662595200,0.000383,0.000387,0.000383,0.000387,480.688697,0.185801
1662508800,0.000357,0.000364,0.000357,0.000362,4912.574870,1.780072
1662422400,0.000361,0.000364,0.000352,0.000357,282.833380,0.101082
1662336000,0.000368,0.000380,0.000361,0.000366,259.356530,0.094893
1662249600,0.000348,0.000366,0.000348,0.000366,5760.030351,2.107250
1662163200,0.000346,0.000350,0.000341,0.000345,3736.165617,1.290023
1662076800,0.000344,0.000354,0.000343,0.000348,1261.775861,0.438883
1661990400,0.000330,0.000343,0.000327,0.000343,27.141468,0.009313
1661904000,0.000330,0.000336,0.000329,0.000329,1265.321556,0.416329
1661817600,0.000332,0.000332,0.000328,0.000330,3501.768398,1.154008
1661731200,0.000318,0.000325,0.000317,0.000324,32.124253,0.010415
1661644800,0.000327,0.000327,0.000327,0.000327,188.819447,0.061736
1661558400,0.000322,0.000322,0.000322,0.000322,0.000000,0.000000
1661472000,0.000325,0.000325,0.000322,0.000322,495.933010,0.159814
1661385600,0.000331,0.000333,0.000331,0.000331,2.416733,0.000800
1661299200,0.000336,0.000336,0.000336,0.000336,0.595167,0.000200
1661212800,0.000330,0.000340,0.000327,0.000336,639.938374,0.215045
1661126400,0.000321,0.000323,0.000321,0.000323,231.990792,0.074843
1661040000,0.000327,0.000340,0.000327,0.000340,150.817920,0.051278
1660953600,0.000335,0.000335,0.000328,0.000329,778.097710,0.255675
1660867200,0.000325,0.000334,0.000324,0.000328,5195.976206,1.706047
1660780800,0.000342,0.000350,0.000341,0.000343,25555.548643,8.769131
1660694400,0.000359,0.000360,0.000345,0.000351,12824.536368,4.501925
1660608000,0.000359,0.000359,0.000359,0.000359,790.279647,0.283442
1660521600,0.000355,0.000364,0.000354,0.000361,3919.561787,1.416530
1660435200,0.000371,0.000372,0.000361,0.000361,301.494019,0.108951
1660348800,0.000378,0.000378,0.000374,0.000375,67.598687,0.025321
1660262400,0.000371,0.000400,0.000371,0.000381,3429.033171,1.307765
1660176000,0.000376,0.000382,0.000360,0.000374,4436.275593,1.657969
1660089600,0.000375,0.000389,0.000365,0.000379,2247.653890,0.851254
1660003200,0.000367,0.000383,0.000358,0.000378,10622.776407,4.020296
1659916800,0.000358,0.000366,0.000355,0.000363,3663.914780,1.328755
1659830400,0.000338,0.000360,0.000337,0.000360,1516.749901,0.545514
1659744000,0.000336,0.000346,0.000335,0.000341,879.802809,0.300110
1659657600,0.000332,0.000336,0.000331,0.000336,114.249367,0.038388
1659571200,0.000322,0.000325,0.000320,0.000323,93.900853,0.030351
1659484800,0.000322,0.000322,0.000322,0.000322,25.190342,0.008118
1659398400,0.000310,0.000318,0.000310,0.000316,1017.413988,0.321187
1659312000,0.000333,0.000335,0.000326,0.000326,68.042663,0.022206
1659225600,0.000330,0.000339,0.000327,0.000329,1413.192280,0.465562
1659139200,0.000337,0.000337,0.000324,0.000331,1763.245341,0.582911
1659052800,0.000312,0.000338,0.000309,0.000333,4793.975569,1.598407
1658966400,0.000299,0.000302,0.000297,0.000301,2050.767172,0.617014
1658880000,0.000294,0.000298,0.000292,0.000298,1065.986085,0.317408
1658793600,0.000302,0.000302,0.000293,0.000293,1151.355956,0.337762
1658707200,0.000308,0.000310,0.000304,0.000307,542.020927,0.166319
1658620800,0.000310,0.000315,0.000310,0.000314,829.287494,0.260371
1658534400,0.000297,0.000306,0.000297,0.000304,252.081352,0.076746
1658448000,0.000305,0.000308,0.000300,0.000300,1772.789814,0.531092
1658361600,0.000295,0.000304,0.000294,0.000302,2270.590924,0.685196
1658275200,0.000309,0.000325,0.000295,0.000295,1731.385596,0.510032
1658188800,0.000313,0.000321,0.000307,0.000312,2518.730228,0.785894
1658102400,0.000308,0.000317,0.000305,0.000317,3224.675239,1.021061
1658016000,0.000309,0.000310,0.000305,0.000307,2010.305689,0.617284
1657929600,0.000302,0.000308,0.000300,0.000308,2706.423164,0.833524
1657843200,0.000306,0.000307,0.000299,0.000302,1367.279811,0.413124
1657756800,0.000304,0.000310,0.000304,0.000306,2633.620510,0.805888
1657670400,0.000305,0.000307,0.000305,0.000307,314.235078,0.096464
1657584000,0.000311,0.000314,0.000310,0.000312,2928.443905,0.913587
1657497600,0.000299,0.000312,0.000299,0.000310,8262.215260,2.564426
1657411200,0.000299,0.000300,0.000294,0.000296,4256.818747,1.258699
1657324800,0.000299,0.000302,0.000296,0.000301,5287.878301,1.590594
1657238400,0.000305,0.000310,0.000288,0.000292,2777.182752,0.810743
1657152000,0.000311,0.000324,0.000304,0.000308,5125.571207,1.578573
1657065600,0.000314,0.000315,0.000307,0.000308,4197.199511,1.294081
1656979200,0.000318,0.000320,0.000312,0.000313,1384.083758,0.432900
1656892800,0.000320,0.000321,0.000315,0.000316,2066.397874,0.653312
1656806400,0.000322,0.000323,0.000317,0.000321,1936.456830,0.622552
1656720000,0.000316,0.000323,0.000314,0.000323,1719.527156,0.555424
1656633600,0.000315,0.000318,0.000306,0.000314,5245.888106,1.648153
1656547200,0.000311,0.000325,0.000304,0.000316,6416.295141,2.030501
1656460800,0.000314,0.000321,0.000308,0.000309,7045.664088,2.177040
1656374400,0.000316,0.000344,0.000308,0.000312,10282.282955,3.209101
1656288000,0.000321,0.000326,0.000310,0.000315,4438.109827,1.399292
1656201600,0.000339,0.000343,0.000320,0.000320,2388.106269,0.764098
1656115200,0.000341,0.000344,0.000326,0.000339,3364.408920,1.140871
1656028800,0.000333,0.000345,0.000332,0.000344,8111.663149,2.789763
1655942400,0.000337,0.000341,0.000331,0.000332,4054.123468,1.346131
1655856000,0.000330,0.000337,0.000326,0.000334,7847.153646,2.617654
1655769600,0.000339,0.000353,0.000329,0.000331,6393.396552,2.113465
1655683200,0.000322,0.000349,0.000318,0.000337,7461.360347,2.512837
1655596800,0.000317,0.000333,0.000317,0.000321,4313.322481,1.386302
1655510400,0.000311,0.000316,0.000298,0.000313,10702.313741,3.348540
1655424000,0.000315,0.000320,0.000305,0.000312,4726.775931,1.473761
1655337600,0.000327,0.000330,0.000296,0.000311,14831.665083,4.606419
1655251200,0.000304,0.000328,0.000291,0.000326,14928.315318,4.866631
1655164800,0.000262,0.000306,0.000257,0.000304,36861.466822,11.202568
1655078400,0.000236,0.000265,0.000222,0.000261,33576.042279,8.753610
1654992000,0.000249,0.000253,0.000235,0.000236,20388.461187,4.809434
1654905600,0.000277,0.000285,0.000247,0.000248,12945.089383,3.210900
1654819200,0.000308,0.000317,0.000275,0.000275,14851.861277,4.091242
1654732800,0.000291,0.000315,0.000280,0.000309,24202.875568,7.469976
1654646400,0.000280,0.000297,0.000271,0.000288,22974.804778,6.605486
1654560000,0.000250,0.000286,0.000248,0.000280,11369.777604,3.184447
1654473600,0.000259,0.000262,0.000247,0.000254,7591.709867,1.929813
1654387200,0.000249,0.000259,0.000245,0.000255,7418.940014,1.894501
1654300800,0.000231,0.000247,0.000227,0.000246,4538.258710,1.118272
1654214400,0.000236,0.000236,0.000226,0.000231,8208.606590,1.893561
1654128000,0.000233,0.000237,0.000229,0.000237,3214.884781,0.760835
1654041600,0.000239,0.000243,0.000230,0.000233,6726.469275,1.567805
1653955200,0.000236,0.000241,0.000230,0.000240,16897.724635,4.049878
1653868800,0.000228,0.000238,0.000228,0.000235,13468.034837,3.170106
1653782400,0.000225,0.000230,0.000219,0.000227,2297.546758,0.522485
1653696000,0.000224,0.000227,0.000218,0.000227,2843.011173,0.646216
1653609600,0.000225,0.000229,0.000217,0.000220,4146.692902,0.910489
1653523200,0.000236,0.000236,0.000221,0.000226,6740.426143,1.523606
1653436800,0.000245,0.000245,0.000235,0.000236,4980.498382,1.175796
1653350400,0.000242,0.000245,0.000235,0.000244,9750.771123,2.377823
1653264000,0.000243,0.000251,0.000240,0.000241,2223.677996,0.537018
1653177600,0.000241,0.000246,0.000237,0.000243,7014.316441,1.701884
1653091200,0.000236,0.000241,0.000234,0.000240,3742.846482,0.898021
1653004800,0.000238,0.000240,0.000233,0.000236,2394.726205,0.564533
1652918400,0.000235,0.000239,0.000231,0.000239,6680.301374,1.593586
1652832000,0.000255,0.000255,0.000237,0.000237,9249.955134,2.192794
1652745600,0.000252,0.000260,0.000247,0.000254,5618.669258,1.424501
1652659200,0.000252,0.000252,0.000244,0.000248,4117.571262,1.022393
1652572800,0.000242,0.000256,0.000238,0.000253,15192.884042,3.846231
1652486400,0.000243,0.000249,0.000231,0.000242,4687.708096,1.133253
1652400000,0.000229,0.000250,0.000226,0.000247,18031.227137,4.451189
1652313600,0.000239,0.000247,0.000206,0.000227,29007.638328,6.594596
1652227200,0.000278,0.000278,0.000233,0.000240,22240.152423,5.335190
1652140800,0.000269,0.000289,0.000267,0.000277,8257.414925,2.286974
1652054400,0.000287,0.000287,0.000267,0.000267,4714.279387,1.258854
1651968000,0.000288,0.000297,0.000288,0.000295,4630.248738,1.367961
1651881600,0.000299,0.000300,0.000288,0.000288,4104.166862,1.182657
1651795200,0.000300,0.000300,0.000296,0.000298,2699.977489,0.805241
1651708800,0.000301,0.000303,0.000296,0.000299,753.115985,0.224835
1651622400,0.000294,0.000303,0.000290,0.000302,1667.020429,0.503957
1651536000,0.000291,0.000296,0.000291,0.000293,2565.407852,0.751074
1651449600,0.000292,0.000293,0.000286,0.000293,1470.673559,0.430540
1651363200,0.000291,0.000296,0.000290,0.000292,3923.801127,1.145593
1651276800,0.000311,0.000317,0.000240,0.000292,26955.354995,7.876355
1651190400,0.000317,0.000320,0.000308,0.000310,1491.696655,0.462336
1651104000,0.000321,0.000325,0.000316,0.000319,620.533435,0.197832
1651017600,0.000327,0.000328,0.000320,0.000320,905.538419,0.290198
1650931200,0.000331,0.000332,0.000323,0.000324,2420.178326,0.785275
1650844800,0.000336,0.000336,0.000328,0.000335,155.857197,0.052256
1650758400,0.000339,0.000343,0.000336,0.000336,457.950498,0.153862
1650672000,0.000341,0.000343,0.000336,0.000337,1882.662509,0.634476
1650585600,0.000338,0.000349,0.000338,0.000343,3024.491830,1.038006
1650499200,0.000333,0.000337,0.000333,0.000336,1255.863217,0.421493
1650412800,0.000346,0.000346,0.000339,0.000339,1404.959196,0.476618
1650326400,0.000341,0.000346,0.000340,0.000340,949.292533,0.322997
1650240000,0.000341,0.000342,0.000339,0.000342,449.407942,0.153751
1650153600,0.000354,0.000359,0.000347,0.000347,3666.304209,1.273381
1650067200,0.000348,0.000348,0.000348,0.000348,17.582347,0.006119
1649980800,0.000345,0.000348,0.000342,0.000348,301.266765,0.104886
1649894400,0.000344,0.000344,0.000335,0.000341,1513.979756,0.516146
1649808000,0.000351,0.000351,0.000341,0.000343,687.168568,0.235555
1649721600,0.000347,0.000354,0.000346,0.000348,5126.757413,1.782522
1649635200,0.000360,0.000360,0.000342,0.000348,3172.403051,1.104758
1649548800,0.000361,0.000369,0.000359,0.000362,3730.757886,1.350199
1649462400,0.000359,0.000364,0.000359,0.000361,1118.305150,0.404122
1649376000,0.000364,0.000364,0.000355,0.000358,1417.216218,0.507944
1649289600,0.000358,0.000363,0.000353,0.000363,2620.434943,0.951165
1649203200,0.000363,0.000367,0.000352,0.000357,6766.300049,2.412389
1649116800,0.000377,0.000377,0.000367,0.000368,2132.606884,0.784181
1649030400,0.000388,0.000389,0.000371,0.000375,4106.660126,1.540614
1648944000,0.000380,0.000393,0.000378,0.000390,5841.163860,2.280449
1648857600,0.000375,0.000382,0.000371,0.000379,2030.569189,0.769017
1648771200,0.000374,0.000375,0.000366,0.000373,4997.824734,1.864089
1648684800,0.000366,0.000382,0.000365,0.000371,13541.444449,5.026720
1648598400,0.000357,0.000369,0.000354,0.000366,9262.216720,3.392194
1648512000,0.000350,0.000366,0.000350,0.000357,11365.211023,4.058403
1648425600,0.000358,0.000365,0.000350,0.000350,9796.090935,3.425889
