unix,open,high,low,close,Volume ETH,Volume USDC
1751328000,2495.000000,2495.000000,2495.000000,2495.000000,0.000000,0.000000
1751241600,2513.500000,2599.300000,2439.100000,2495.000000,111.220837,277495.987941
1751155200,2439.800000,2517.300000,2416.100000,2511.600000,33.059404,83031.998760
1751068800,2412.900000,2448.600000,2412.900000,2438.600000,15.061727,36729.526828
1750982400,2399.800000,2460.300000,2392.900000,2425.200000,537.777348,1304217.624879
1750896000,2426.000000,2516.800000,2397.700000,2421.000000,68.593631,166065.180143
1750809600,2448.200000,2458.800000,2325.900000,2414.300000,83.889453,202534.306668
1750723200,2405.700000,2501.100000,2392.700000,2442.400000,328.886853,803273.249547
1750636800,2226.300000,2429.600000,2188.300000,2413.000000,66.611783,160734.232041
1750550400,2309.800000,2309.800000,2127.400000,2226.600000,70.185214,156274.397403
1750464000,2417.800000,2444.400000,2223.600000,2295.900000,62.775498,144126.266317
1750377600,2510.200000,2562.400000,2384.100000,2402.700000,555.498738,1334696.818754
1750291200,2517.300000,2542.400000,2490.000000,2528.500000,313.940377,793798.242815
1750204800,2520.400000,2545.200000,2473.300000,2529.500000,524.623735,1327035.738467
1750118400,2531.900000,2609.100000,2457.600000,2511.800000,58.169237,146109.489672
1750032000,2536.000000,2675.700000,2524.900000,2543.500000,144.691769,368023.514909
1749945600,2536.600000,2556.700000,2496.200000,2544.200000,56.920428,144816.952740
1749859200,2570.000000,2570.000000,2494.700000,2529.400000,27.880512,70520.966142
1749772800,2613.000000,2613.100000,2450.600000,2570.200000,84.917025,218253.738143
1749686400,2771.500000,2771.700000,2623.900000,2649.000000,53.364831,141363.438299
1749600000,2833.000000,2871.800000,2749.800000,2762.300000,164.135889,453392.565687
1749513600,2683.800000,2818.000000,2668.400000,2797.500000,176.679466,494260.805464
1749427200,2506.000000,2682.800000,2494.200000,2680.000000,36.889234,98863.148165
1749340800,2515.000000,2543.900000,2503.500000,2503.500000,106.628639,266944.796760
1749254400,2495.300000,2531.900000,2488.900000,2525.200000,18.769497,47396.733042
1749168000,2425.100000,2494.400000,2425.000000,2494.300000,41.681445,103966.029186
1749081600,2620.300000,2631.300000,2391.500000,2434.400000,544.397396,1325281.021699
1748995200,2611.000000,2680.000000,2602.400000,2610.000000,93.031050,242811.040657
1748908800,2620.000000,2651.400000,2590.000000,2596.900000,108.036487,280559.953480
1748822400,2536.100000,2610.000000,2476.600000,2610.000000,132.535776,345918.375621
1748736000,2522.200000,2544.000000,2477.300000,2538.800000,94.711512,240453.585828
1748649600,2534.900000,2550.000000,2495.000000,2532.000000,62.928251,159334.332165
1748563200,2638.400000,2647.200000,2513.200000,2526.800000,42.954578,108537.627514
1748476800,2681.000000,2778.400000,2624.500000,2632.200000,121.743322,320452.771379
1748390400,2650.000000,2680.600000,2619.300000,2666.700000,33.496534,89325.208178
1748304000,2570.100000,2701.100000,2537.800000,2656.400000,38.708459,102825.151311
1748217600,2555.800000,2600.000000,2534.700000,2560.600000,66.425099,170088.108192
1748131200,2534.900000,2550.000000,2471.400000,2550.000000,39.652178,101113.054410
1748044800,2521.500000,2563.700000,2521.500000,2527.700000,25.321537,64005.249732
1747958400,2659.400000,2730.000000,2510.100000,2524.000000,130.705711,329901.215069
1747872000,2552.900000,2679.300000,2550.900000,2643.200000,97.897555,258762.818618
1747785600,2533.700000,2619.900000,2457.100000,2589.400000,79.830561,206713.255223
1747699200,2538.200000,2575.100000,2448.700000,2519.500000,95.823633,241427.642588
1747612800,2502.900000,2537.200000,2355.100000,2531.100000,151.572881,383646.118542
1747526400,2484.800000,2572.700000,2359.000000,2510.300000,84.175432,211305.585870
1747440000,2534.700000,2534.700000,2447.400000,2466.100000,59.545872,146846.075605
1747353600,2563.500000,2633.400000,2539.700000,2539.700000,133.851336,339942.237353
1747267200,2633.000000,2639.300000,2487.200000,2521.000000,88.343431,222713.788568
1747180800,2710.000000,2719.200000,2557.500000,2607.500000,74.856320,195187.853722
1747094400,2473.600000,2734.400000,2418.400000,2668.400000,105.310412,281010.302180
1747008000,2531.600000,2612.700000,2423.700000,2498.000000,159.100341,397432.651119
1746921600,2592.700000,2600.000000,2450.100000,2503.800000,80.746999,202174.335646
1746835200,2344.300000,2592.700000,2330.700000,2592.700000,176.734605,458219.809735
1746748800,2198.000000,2477.700000,2187.300000,2325.100000,160.112116,372276.681935
1746662400,1829.400000,2222.000000,1824.800000,2196.100000,316.327292,694686.365105
1746576000,1815.900000,1846.800000,1792.800000,1811.100000,56.211602,101804.831658
1746489600,1813.900000,1813.900000,1760.000000,1805.700000,38.610133,69718.316887
1746403200,1808.600000,1828.600000,1789.000000,1828.000000,23.524358,43002.525748
1746316800,1836.000000,1846.500000,1816.200000,1816.200000,13.307270,24168.664301
1746230400,1836.100000,1838.800000,1815.500000,1830.600000,13.904187,25453.004942
1746144000,1845.100000,1864.800000,1818.300000,1842.600000,19.311058,35582.555968
1746057600,1801.400000,1869.600000,1801.400000,1842.000000,69.489586,127999.816988
1745971200,1801.800000,1815.400000,1737.000000,1797.500000,52.388831,94168.924316
1745884800,1804.900000,1839.100000,1785.000000,1785.000000,136.000670,242761.195664
1745798400,1792.000000,1818.200000,1753.300000,1801.800000,373.821700,673551.938501
1745712000,1849.700000,1849.700000,1787.900000,1795.100000,38.487711,69089.289406
1745625600,1808.300000,1830.000000,1782.900000,1830.000000,73.505664,134515.365193
1745539200,1769.100000,1827.000000,1745.100000,1795.200000,97.362352,174784.894849
1745452800,1792.200000,1797.300000,1728.700000,1769.400000,79.832279,141255.234852
1745366400,1756.700000,1829.600000,1756.700000,1802.100000,108.973385,196380.937595
1745280000,1565.900000,1759.500000,1565.900000,1759.500000,56.881988,100083.857816
1745193600,1601.400000,1654.500000,1568.300000,1578.500000,71.550027,112941.717840
1745107200,1611.800000,1615.000000,1569.200000,1583.800000,38.222255,60536.408023
1745020800,1587.200000,1620.300000,1587.200000,1620.300000,14.561056,23593.279199
1744934400,1575.800000,1597.900000,1575.700000,1597.900000,43.063523,68811.203913
1744848000,1585.600000,1614.000000,1571.700000,1589.500000,42.871153,68143.697328
1744761600,1586.800000,1606.000000,1546.000000,1584.700000,65.593896,103946.647340
1744675200,1617.900000,1645.700000,1592.900000,1606.900000,48.757219,78347.975115
1744588800,1620.200000,1688.800000,1608.200000,1627.100000,51.543569,83866.541462
1744502400,1613.700000,1632.400000,1573.000000,1586.900000,70.361811,111657.158209
1744416000,1579.900000,1661.000000,1579.900000,1651.000000,16.840647,27803.907636
1744329600,1508.400000,1580.000000,1508.400000,1569.200000,68.243799,107088.168951
1744243200,1655.500000,1655.500000,1490.700000,1515.400000,156.662078,237405.713729
1744156800,1425.700000,1680.100000,1390.000000,1676.600000,145.853542,244538.049205
1744070400,1593.500000,1593.500000,1451.700000,1469.000000,23.677223,34781.841233
1743984000,1577.000000,1630.200000,1425.000000,1547.200000,137.486632,212719.316334
1743897600,1806.400000,1809.200000,1550.000000,1553.000000,219.678137,341160.146761
1743811200,1817.200000,1822.600000,1765.100000,1794.500000,25.020054,44898.486472
1743724800,1807.200000,1832.100000,1760.700000,1809.800000,49.937425,90376.751113
1743638400,1806.500000,1840.900000,1754.100000,1814.200000,40.317292,73143.631781
1743552000,1905.100000,1970.000000,1782.000000,1797.400000,56.532278,101611.116100
1743465600,1821.200000,1921.100000,1820.400000,1913.900000,60.064991,114958.386217
1743379200,1805.800000,1846.600000,1779.600000,1825.100000,47.164736,86080.360385
1743292800,1837.400000,1843.500000,1775.300000,1805.400000,49.250481,88916.818470
1743206400,1908.600000,1908.600000,1803.600000,1818.500000,16.797352,30545.984939
1743120000,1996.300000,2000.000000,1866.100000,1883.100000,110.641608,208349.211987
1743033600,2009.800000,2034.800000,2002.700000,2007.500000,57.761468,115956.146588
1742947200,2066.000000,2070.000000,1987.200000,2008.700000,20.429523,41036.781866
1742860800,2088.300000,2089.400000,2039.900000,2069.000000,66.229934,137029.733239
1742774400,2008.500000,2103.500000,1983.800000,2083.800000,49.094588,102303.302995
1742688000,1996.300000,2018.500000,1985.900000,2005.600000,14.165025,28409.374140
1742601600,1975.000000,1999.400000,1975.000000,1979.900000,5.948423,11777.283470
1742515200,1982.300000,1990.100000,1938.500000,1965.700000,16.974617,33367.004283
1742428800,2054.700000,2071.000000,1953.600000,1976.900000,39.080811,77258.856076
1742342400,1933.400000,2064.800000,1931.400000,2059.500000,67.785271,139603.765789
1742256000,1927.500000,1933.700000,1875.300000,1933.700000,27.254084,52701.221689
1742169600,1887.200000,1952.800000,1887.200000,1944.600000,62.676338,121880.406447
1742083200,1923.600000,1932.200000,1870.600000,1879.100000,39.606878,74425.284469
1741996800,1913.700000,1954.400000,1905.500000,1939.700000,48.022108,93148.482034
1741910400,1869.600000,1941.300000,1869.200000,1909.700000,58.296025,111327.918732
1741824000,1896.500000,1922.400000,1825.100000,1861.100000,25.158738,46822.927162
1741737600,1912.300000,1936.400000,1833.400000,1909.700000,132.310966,252674.251426
1741651200,1878.600000,1959.000000,1766.800000,1931.600000,100.418591,193968.550395
1741564800,2008.900000,2127.200000,1811.300000,1867.600000,140.638451,262656.370770
1741478400,2179.500000,2194.700000,1995.000000,2010.100000,97.428408,195840.842519
1741392000,2135.400000,2226.400000,2116.000000,2207.100000,94.017330,207505.649220
1741305600,2207.600000,2250.900000,2117.900000,2121.400000,60.113456,127524.684964
1741219200,2246.200000,2336.300000,2184.200000,2213.800000,39.739857,87976.095980
1741132800,2169.200000,2271.200000,2161.900000,2234.700000,43.356910,96889.686174
1741046400,2140.200000,2194.800000,1997.800000,2175.200000,117.823391,256289.440669
1740960000,2522.400000,2525.700000,2098.100000,2155.900000,98.684237,212753.347109
1740873600,2212.800000,2542.100000,2201.400000,2520.100000,142.667703,359536.879389
1740787200,2250.300000,2277.500000,2157.100000,2205.700000,41.794571,92186.285872
1740700800,2304.100000,2306.400000,2078.400000,2242.000000,124.514689,279161.932043
1740614400,2340.200000,2373.300000,2232.600000,2307.400000,98.569721,227439.774720
1740528000,2490.400000,2597.900000,2253.500000,2325.100000,106.219524,246971.016159
1740441600,2525.000000,2525.000000,2320.800000,2494.300000,184.771278,460874.998391
1740355200,2825.500000,2838.000000,2472.700000,2503.000000,79.550447,199114.769742
1740268800,2762.900000,2877.300000,2749.200000,2821.700000,51.293200,144734.023343
1740182400,2664.200000,2794.100000,2659.000000,2764.100000,38.803250,107256.062026
1740096000,2741.700000,2841.900000,2623.900000,2658.200000,172.397658,458267.454177
1740009600,2728.100000,2767.500000,2710.000000,2738.700000,25.748946,70518.637369
1739923200,2675.600000,2789.000000,2640.000000,2707.300000,14.284334,38671.976436
1739836800,2730.900000,2730.900000,2606.900000,2666.200000,61.110673,162933.277632
1739750400,2663.700000,2818.000000,2641.400000,2744.000000,35.783573,98190.125382
1739664000,2700.800000,2719.600000,2657.200000,2663.500000,54.467107,145073.140080
1739577600,2721.200000,2732.800000,2683.800000,2693.900000,8.291048,22335.254315
1739491200,2666.500000,2788.800000,2666.500000,2728.800000,25.331564,69124.771216
1739404800,2721.500000,2743.100000,2576.600000,2677.200000,60.829968,162853.990999
1739318400,2603.500000,2783.300000,2554.700000,2740.900000,97.838018,268164.223564
1739232000,2670.300000,2728.000000,2532.100000,2607.600000,108.592380,283165.491314
1739145600,2655.700000,2687.000000,2568.800000,2652.400000,103.695465,275041.851923
1739059200,2634.800000,2687.000000,2525.000000,2623.800000,273.834517,718487.005049
1738972800,2656.400000,2656.400000,2557.300000,2625.300000,140.960015,370062.326513
1738886400,2727.500000,2798.500000,2575.900000,2619.400000,220.797606,578357.247873
1738800000,2792.300000,2857.300000,2668.900000,2679.400000,53.054290,142153.663795
1738713600,2725.000000,2824.600000,2717.200000,2789.900000,64.758576,180669.950318
1738627200,2869.700000,2869.700000,2597.000000,2671.200000,922.991207,2465494.111417
1738540800,2861.400000,2914.300000,2227.000000,2864.900000,776.640898,2224998.508537
1738454400,3155.400000,3161.000000,2760.000000,2868.300000,80.898209,232040.332158
1738368000,3293.500000,3323.200000,3111.100000,3131.800000,66.779445,209139.865569
1738281600,3273.300000,3435.400000,3215.100000,3297.300000,62.210114,205125.409420
1738195200,3110.000000,3277.000000,3095.600000,3264.100000,41.613061,135829.191986
1738108800,3114.600000,3173.200000,3059.800000,3131.500000,36.870116,115458.769632
1738022400,3198.700000,3218.300000,3062.800000,3066.600000,30.114001,92347.596908
1737936000,3222.300000,3239.400000,3035.200000,3157.000000,50.956650,160870.143355
1737849600,3322.400000,3356.800000,3234.400000,3234.400000,24.845674,80360.846983
1737763200,3301.100000,3347.800000,3272.900000,3334.500000,14.900762,49686.590122
1737676800,3319.800000,3425.900000,3287.100000,3309.500000,71.685391,237242.803070
1737590400,3239.200000,3345.500000,3188.700000,3337.500000,20.802439,69428.139629
1737504000,3334.900000,3344.900000,3241.700000,3248.800000,64.694442,210179.303430
1737417600,3243.800000,3365.400000,3212.300000,3319.300000,39.611737,131483.239022
1737331200,3209.600000,3441.800000,3147.200000,3263.500000,90.186361,294323.189646
1737244800,3300.600000,3428.100000,3128.000000,3211.700000,160.285988,514790.507820
1737158400,3478.200000,3487.800000,3249.300000,3315.200000,67.024627,222200.042303
1737072000,3321.200000,3523.700000,3321.200000,3486.700000,24.895167,86801.978186
1736985600,3452.800000,3452.800000,3266.500000,3281.000000,44.348992,145509.041571
1736899200,3225.600000,3465.700000,3189.500000,3451.800000,100.617034,347309.879307
1736812800,3131.700000,3252.600000,3128.200000,3224.300000,39.700057,128004.892366
1736726400,3268.400000,3326.200000,2923.100000,3131.200000,80.755446,252861.451231
1736640000,3280.400000,3290.200000,3231.200000,3262.300000,3.775022,12315.255641
1736553600,3232.500000,3308.000000,3218.700000,3284.000000,17.938785,58910.970367
1736467200,3224.200000,3318.800000,3196.700000,3272.100000,43.567402,142556.897066
1736380800,3321.900000,3346.700000,3161.600000,3218.900000,26.221273,84403.655209
1736294400,3389.800000,3419.200000,3080.000000,3318.800000,105.860290,351329.130386
1736208000,3677.100000,3695.100000,3364.500000,3386.900000,48.469344,164160.819602
1736121600,3620.200000,3738.500000,3620.200000,3675.700000,51.823525,190487.731137
1736035200,3658.100000,3669.300000,3603.200000,3636.400000,9.143359,33248.910740
1735948800,3586.800000,3660.600000,3576.100000,3660.500000,24.336755,89084.689884
1735862400,3467.800000,3622.000000,3431.400000,3605.600000,58.857662,212217.185891
1735776000,3351.100000,3502.100000,3351.100000,3452.700000,26.784820,92479.947738
1735689600,3326.900000,3407.800000,3311.400000,3360.200000,50.872070,170940.330387
1735603200,3325.600000,3439.100000,3321.700000,3330.700000,16.718772,55685.214700
1735516800,3343.100000,3425.900000,3304.200000,3357.200000,35.004276,117516.354951
1735430400,3395.200000,3400.500000,3331.800000,3344.600000,34.189955,114351.724831
1735344000,3337.300000,3422.800000,3337.300000,3398.000000,5.340125,18145.743187
1735257600,3318.800000,3430.600000,3300.900000,3319.300000,125.320871,415977.567675
1735171200,3506.000000,3506.000000,3307.000000,3329.800000,22.096067,73575.482465
1735084800,3484.400000,3541.000000,3444.800000,3488.100000,35.248451,122950.121410
1734998400,3412.200000,3534.100000,3369.500000,3495.500000,92.118012,321998.512379
1734912000,3279.900000,3450.000000,3215.100000,3415.000000,63.495646,216837.630988
1734825600,3371.900000,3393.800000,3232.800000,3268.800000,35.402087,115722.341888
1734739200,3451.400000,3549.600000,3296.600000,3330.600000,37.765003,125780.119458
1734652800,3418.100000,3493.100000,3098.400000,3482.900000,382.994185,1333930.446170
1734566400,3635.700000,3708.800000,3333.800000,3437.700000,153.901256,529066.347029
1734480000,3892.400000,3898.500000,3643.500000,3643.500000,71.747375,261411.562489
1734393600,3970.700000,4039.300000,3870.100000,3887.900000,56.643428,220223.982555
1734307200,3963.100000,4103.600000,3889.700000,3992.300000,111.550379,445342.578122
1734220800,3872.600000,3957.500000,3829.200000,3957.500000,32.037812,126789.642573
1734134400,3927.100000,3935.900000,3825.700000,3869.000000,68.512828,265076.131725
1734048000,3872.800000,3963.400000,3872.800000,3911.700000,61.443902,240350.109498
1733961600,3828.300000,3995.500000,3807.500000,3868.400000,66.480711,257173.983438
1733875200,3587.200000,3847.700000,3563.200000,3847.600000,68.797208,264704.138232
1733788800,3710.600000,3775.400000,3521.200000,3630.700000,81.544395,296063.234926
1733702400,3994.800000,3994.900000,3508.900000,3711.600000,116.535011,432531.348349
1733616000,4006.600000,4010.700000,3936.500000,3990.700000,8.844070,35294.030229
1733529600,4004.600000,4028.800000,3984.000000,4005.600000,7.764050,31099.677238
1733443200,3786.700000,4089.200000,3783.000000,4000.000000,94.841941,379367.764400
1733356800,3841.200000,3949.800000,3702.900000,3804.100000,73.413090,279270.734109
1733270400,3626.800000,3891.500000,3626.500000,3836.800000,81.770116,313735.579496
1733184000,3636.000000,3664.700000,3512.000000,3620.300000,57.248145,207255.457823
1733097600,3713.900000,3759.800000,3556.900000,3644.600000,43.718834,159337.663308
1733011200,3699.500000,3744.400000,3679.700000,3717.700000,8.673667,32246.092029
1732924800,3585.700000,3731.300000,3585.700000,3711.000000,32.359703,120086.857573
1732838400,3574.900000,3646.100000,3542.700000,3582.200000,60.928330,218257.462042
1732752000,3661.300000,3661.300000,3540.200000,3578.800000,29.636559,106063.318673
1732665600,3335.300000,3682.200000,3308.600000,3663.000000,164.568631,602814.895976
1732579200,3413.000000,3453.500000,3261.300000,3322.500000,39.287002,130531.062982
1732492800,3364.400000,3530.700000,3309.700000,3431.100000,36.723857,126003.225924
1732406400,3404.500000,3438.600000,3285.600000,3371.900000,18.496832,62369.466877
1732320000,3332.600000,3500.000000,3326.300000,3404.500000,40.000902,136183.070961
1732233600,3357.200000,3420.300000,3266.300000,3314.000000,148.747652,492949.717204
1732147200,3088.100000,3499.900000,3037.700000,3363.800000,241.420326,812089.693372
1732060800,3124.300000,3159.400000,3036.900000,3069.300000,35.114061,107775.586384
1731974400,3208.900000,3218.600000,3077.000000,3112.800000,27.116972,84409.711905
1731888000,3101.100000,3209.900000,3054.000000,3209.900000,35.749449,114752.157244
1731801600,3118.800000,3159.400000,3044.800000,3071.300000,21.275409,65343.165044
1731715200,3085.000000,3209.900000,3082.400000,3151.200000,11.226058,35375.552993
1731628800,3069.600000,3124.900000,3013.900000,3101.600000,25.463301,78976.974444
1731542400,3203.400000,3243.100000,3039.000000,3058.000000,62.362144,190703.436964
1731456000,3245.600000,3333.600000,3119.500000,3198.800000,122.710726,392527.071160
1731369600,3345.600000,3447.200000,3212.000000,3254.100000,93.573083,304496.169097
1731283200,3188.600000,3385.400000,3114.900000,3355.500000,129.125123,433279.349925
1731196800,3121.600000,3261.500000,3075.800000,3190.100000,90.321346,288134.126545
1731110400,2977.500000,3145.500000,2958.000000,3127.800000,80.648445,252252.207491
1731024000,2924.300000,2980.000000,2897.200000,2961.200000,32.671608,96747.165136
1730937600,2712.800000,2911.400000,2706.200000,2877.600000,92.164087,265211.376550
1730851200,2422.200000,2743.800000,2422.200000,2719.500000,202.731592,551328.564580
1730764800,2399.000000,2464.500000,2392.900000,2433.300000,98.260839,239098.098906
1730678400,2476.900000,2487.800000,2359.200000,2359.200000,22.027285,51966.771055
1730592000,2473.400000,2553.700000,2412.700000,2472.800000,8.455959,20909.896256
1730505600,2506.700000,2506.700000,2478.300000,2492.800000,20.259832,50503.708861
1730419200,2520.600000,2582.400000,2473.800000,2495.500000,23.091512,57624.868620
1730332800,2664.400000,2664.400000,2516.200000,2520.900000,53.316405,134405.326045
1730246400,2611.700000,2720.000000,2611.700000,2640.300000,24.793945,65463.453776
1730160000,2572.700000,2672.400000,2572.700000,2628.000000,48.746201,128105.016097
1730073600,2505.100000,2583.100000,2470.800000,2573.100000,51.296455,131990.907666
1729987200,2478.500000,2521.800000,2476.900000,2506.800000,4.660206,11682.203147
1729900800,2426.200000,2500.500000,2426.200000,2497.700000,6.211634,15514.797592
1729814400,2523.900000,2558.200000,2386.100000,2405.500000,32.020183,77024.550952
1729728000,2513.000000,2632.700000,2508.100000,2532.400000,10.151247,25707.018941
1729641600,2626.500000,2626.500000,2457.500000,2522.600000,30.723366,77502.764106
1729555200,2642.300000,2658.000000,2607.400000,2622.200000,30.839916,80868.428522
1729468800,2748.200000,2750.500000,2659.300000,2665.500000,20.153405,53718.899881
1729382400,2651.700000,2748.700000,2640.500000,2743.400000,22.962688,62995.836915
1729296000,2640.900000,2652.400000,2638.100000,2649.800000,1.905975,5050.453403
1729209600,2597.400000,2669.200000,2597.100000,2647.200000,25.617254,67813.996059
1729123200,2617.600000,2641.700000,2581.400000,2591.300000,11.841472,30684.807378
1729036800,2605.200000,2652.500000,2591.700000,2618.200000,33.829456,88572.281987
1728950400,2634.100000,2681.800000,2537.900000,2604.500000,34.880397,90845.992945
1728864000,2461.300000,2648.600000,2453.900000,2633.800000,60.488602,159314.880896
1728777600,2479.600000,2484.500000,2447.800000,2468.400000,8.396684,20726.375526
1728691200,2438.800000,2487.900000,2438.800000,2478.200000,4.485283,11115.427166
1728604800,2384.800000,2465.600000,2380.700000,2458.700000,23.997751,59003.270039
1728518400,2397.400000,2440.800000,2329.200000,2367.800000,56.959456,134868.599254
1728432000,2426.800000,2468.900000,2361.000000,2363.400000,15.818805,37386.164375
1728345600,2430.500000,2442.400000,2405.200000,2427.100000,26.816073,65085.290414
1728259200,2456.600000,2515.700000,2408.500000,2421.900000,62.858702,152237.490979
1728172800,2418.200000,2461.000000,2411.900000,2424.900000,11.616528,28168.918553
1728086400,2412.200000,2424.600000,2392.500000,2414.000000,2.274250,5490.039572
1728000000,2347.900000,2441.300000,2341.400000,2415.400000,16.365657,39529.607966
1727913600,2388.700000,2388.700000,2314.000000,2347.400000,21.830359,51244.584951
1727827200,2460.700000,2518.000000,2358.800000,2360.000000,22.490933,53078.601384
1727740800,2597.300000,2655.700000,2434.700000,2458.100000,32.182475,79107.740888
1727654400,2654.800000,2654.900000,2581.700000,2594.700000,80.322761,208413.469056
1727568000,2676.800000,2679.800000,2637.700000,2656.000000,10.772993,28613.068399
1727481600,2700.500000,2700.500000,2653.400000,2671.800000,4.671858,12482.269964
1727395200,2630.400000,2718.600000,2625.400000,2703.300000,68.347215,184763.025093
1727308800,2584.500000,2654.800000,2570.300000,2634.100000,12.764707,33623.514524
1727222400,2649.800000,2660.700000,2574.300000,2574.300000,59.001949,151888.716847
1727136000,2649.600000,2665.300000,2595.200000,2656.700000,11.676448,31020.818977
1727049600,2614.200000,2701.000000,2614.200000,2650.800000,15.566739,41264.313040
1726963200,2619.300000,2619.300000,2537.500000,2575.600000,8.004776,20617.101220
1726876800,2575.600000,2620.200000,2532.900000,2614.300000,18.121165,47374.161738
1726790400,2456.700000,2567.000000,2445.900000,2555.900000,59.816366,152884.649604
1726704000,2383.400000,2483.000000,2383.400000,2466.500000,7.829516,19311.502423
1726617600,2337.200000,2362.100000,2291.700000,2358.300000,12.364289,29158.702159
1726531200,2296.700000,2389.600000,2273.900000,2333.700000,18.203796,42482.197745
1726444800,2272.400000,2324.600000,2261.300000,2275.400000,49.478312,112582.951239
1726358400,2421.200000,2430.200000,2304.000000,2313.900000,36.779802,85104.784079
1726272000,2440.300000,2440.300000,2387.700000,2419.300000,55.426736,134093.901292
1726185600,2361.700000,2463.200000,2339.600000,2443.400000,22.301871,54492.391870
1726099200,2352.000000,2384.800000,2317.100000,2349.200000,16.978745,39886.467684
1726012800,2386.100000,2386.100000,2287.800000,2340.800000,42.056719,98446.368935
1725926400,2340.400000,2398.100000,2334.300000,2394.600000,5.864557,14043.268144
1725840000,2316.300000,2377.800000,2277.200000,2377.800000,19.358572,46030.813429
1725753600,2284.000000,2330.900000,2247.500000,2308.200000,17.060612,39379.304364
1725667200,2259.100000,2324.200000,2259.100000,2283.200000,12.957793,29585.232681
1725580800,2368.200000,2417.800000,2152.700000,2212.800000,79.476925,175866.540746
1725494400,2448.600000,2448.600000,2352.200000,2366.900000,18.331276,43388.297259
1725408000,2439.100000,2480.700000,2308.200000,2446.500000,40.621520,99380.549120
1725321600,2530.200000,2544.700000,2439.200000,2439.200000,17.302899,42205.230631
1725235200,2433.700000,2556.600000,2427.100000,2537.400000,13.356317,33890.319010
1725148800,2515.000000,2515.000000,2400.200000,2428.900000,10.951362,26599.763259
1725062400,2524.900000,2532.100000,2503.900000,2511.700000,79.651849,200061.549510
1724976000,2518.500000,2549.900000,2432.800000,2528.100000,113.951502,288080.791296
1724889600,2521.000000,2585.600000,2508.000000,2541.800000,4.313136,10963.129110
1724803200,2439.300000,2537.500000,2423.900000,2521.000000,44.480312,112134.865342
1724716800,2687.800000,2689.900000,2392.700000,2465.700000,93.137558,229649.275972
1724630400,2755.300000,2755.900000,2667.800000,2681.300000,13.411218,35959.498528
1724544000,2769.800000,2811.600000,2743.800000,2778.300000,1.954358,5429.794165
1724457600,2746.200000,2816.200000,2746.200000,2761.400000,31.246510,86284.111913
1724371200,2638.900000,2802.900000,2635.500000,2767.400000,31.143338,86186.073581
1724284800,2639.600000,2642.200000,2597.700000,2618.900000,7.143129,18707.140329
1724198400,2564.800000,2656.200000,2535.800000,2639.700000,90.541041,239001.185189
1724112000,2637.400000,2693.200000,2566.200000,2577.900000,40.507246,104423.628200
1724025600,2621.500000,2640.700000,2571.000000,2638.600000,32.859953,86704.273120
1723939200,2613.700000,2675.900000,2605.500000,2614.200000,31.903765,83402.821862
1723852800,2592.100000,2660.700000,2591.500000,2611.400000,81.328950,212382.419038
1723766400,2571.900000,2631.200000,2554.200000,2605.700000,14.217954,37047.723467
1723680000,2659.100000,2665.600000,2532.900000,2569.900000,100.709139,258812.416393
1723593600,2701.100000,2787.000000,2634.900000,2667.100000,184.223262,491341.860747
1723507200,2717.200000,2733.600000,2616.100000,2701.100000,88.892568,240107.715425
1723420800,2566.400000,2744.600000,2516.700000,2733.300000,40.862567,111689.653834
1723334400,2620.500000,2700.100000,2541.700000,2556.300000,13.146191,33605.608386
1723248000,2614.200000,2635.000000,2583.900000,2599.100000,4.836162,12569.668316
1723161600,2682.800000,2700.700000,2560.200000,2594.700000,56.799502,147377.667917
1723075200,2352.400000,2720.700000,2352.400000,2679.600000,37.852405,101429.303473
1722988800,2442.600000,2539.200000,2322.100000,2348.800000,31.191043,73261.522714
1722902400,2477.500000,2545.800000,2421.300000,2459.200000,33.398117,82132.649695
1722816000,2689.200000,2691.800000,2122.600000,2425.900000,457.706323,1110349.769669
1722729600,2899.900000,2929.900000,2633.300000,2682.000000,67.912818,182142.178305
1722643200,2944.900000,2996.000000,2858.500000,2905.500000,28.932938,84064.650633
1722556800,3187.100000,3187.100000,2977.600000,2987.000000,25.352662,75728.400976
1722470400,3239.400000,3239.400000,3079.400000,3197.400000,56.394798,180316.728660
1722384000,3283.200000,3340.700000,3216.700000,3234.400000,21.698023,70180.084168
1722297600,3299.000000,3362.700000,3236.700000,3280.200000,70.355283,230779.398017
1722211200,3279.000000,3392.200000,3259.700000,3347.000000,53.609547,179431.152269
1722124800,3240.200000,3280.700000,3220.100000,3266.000000,11.120222,36318.645052
1722038400,3277.800000,3321.500000,3196.900000,3258.200000,20.863538,67977.580261
1721952000,3186.300000,3276.300000,3186.300000,3276.300000,25.114985,82284.225454
1721865600,3336.000000,3336.000000,3098.500000,3167.800000,99.486841,315154.414920
1721779200,3484.400000,3484.400000,3300.000000,3328.100000,66.831138,222420.709745
1721692800,3461.700000,3527.400000,3393.600000,3481.700000,192.133949,668952.770268
1721606400,3542.400000,3542.400000,3438.600000,3442.800000,35.503542,122231.595258
1721520000,3511.500000,3538.200000,3415.900000,3526.500000,94.881822,334600.745565
1721433600,3488.400000,3537.900000,3481.800000,3521.000000,38.307155,134879.492966
1721347200,3413.400000,3540.300000,3383.100000,3504.300000,138.199302,484291.813263
1721260800,3386.200000,3479.500000,3374.100000,3436.300000,11.533175,39631.448737
1721174400,3457.300000,3510.800000,3385.600000,3385.600000,11.012187,37282.860138
1721088000,3501.900000,3501.900000,3356.800000,3457.100000,62.889053,217413.746751
1721001600,3238.900000,3468.900000,3238.600000,3468.900000,24.777773,85951.615060
1720915200,3184.400000,3268.400000,3170.700000,3249.700000,23.525063,76449.398693
1720828800,3135.300000,3175.700000,3115.400000,3175.700000,20.356446,64645.967087
1720742400,3093.400000,3149.100000,3052.700000,3127.600000,63.046455,197184.092627
1720656000,3099.100000,3200.000000,3066.400000,3094.300000,67.750559,209640.554064
1720569600,3049.400000,3138.500000,3027.300000,3098.800000,17.327839,53695.507431
1720483200,3019.000000,3101.100000,3019.000000,3070.800000,15.471332,47509.367657
1720396800,2929.300000,3095.200000,2822.900000,3041.200000,35.283523,107304.249965
1720310400,3065.800000,3065.800000,2923.400000,2925.000000,219.955827,643370.794677
1720224000,3018.600000,3079.400000,2966.600000,3068.400000,97.902447,300403.868068
1720137600,3070.100000,3105.100000,2822.200000,2980.200000,333.121392,992768.372438
1720051200,3306.200000,3306.200000,3054.500000,3062.300000,122.704870,375759.124657
1719964800,3417.000000,3417.000000,3262.000000,3300.600000,98.904024,326442.621647
1719878400,3442.000000,3459.000000,3398.900000,3416.100000,20.057257,68517.597243
1719792000,3438.600000,3506.800000,3427.800000,3439.200000,150.175946,516485.111970
1719705600,3380.200000,3427.600000,3355.000000,3414.100000,114.494789,390896.658032
1719619200,3378.200000,3390.200000,3376.900000,3376.900000,7.631853,25772.004936
1719532800,3434.900000,3483.300000,3361.400000,3372.700000,96.277959,324716.672791
1719446400,3370.000000,3468.900000,3364.900000,3443.700000,79.725758,274551.593341
1719360000,3404.500000,3413.100000,3330.400000,3371.000000,115.120731,388071.983291
1719273600,3341.100000,3420.900000,3338.500000,3393.400000,6.931864,23522.587569
1719187200,3420.600000,3421.800000,3243.900000,3332.000000,37.456969,124806.620641
1719100800,3509.800000,3519.100000,3414.700000,3423.100000,23.609788,80818.665474
1719014400,3517.700000,3517.700000,3482.400000,3499.600000,14.642328,51242.289879
1718928000,3524.100000,3543.300000,3448.400000,3522.500000,118.526605,417509.964950
1718841600,3552.900000,3618.200000,3494.300000,3513.500000,29.104372,102258.212568
1718755200,3484.900000,3582.300000,3484.900000,3557.900000,85.605323,304575.179876
1718668800,3504.200000,3504.900000,3360.000000,3485.200000,200.293685,698063.549707
1718582400,3634.100000,3634.100000,3468.900000,3521.400000,29.930720,105398.039028
1718496000,3552.800000,3627.400000,3550.800000,3627.400000,11.068298,40149.143512
1718409600,3500.500000,3573.800000,3500.500000,3558.500000,9.229473,32843.080204
1718323200,3461.300000,3526.700000,3367.100000,3474.900000,54.073835,187901.170214
1718236800,3540.300000,3540.300000,3435.400000,3461.500000,52.225966,180780.182797
1718150400,3499.500000,3656.100000,3470.700000,3564.100000,257.982288,919474.672839
1718064000,3666.200000,3671.700000,3417.700000,3497.800000,190.409567,666014.582963
1717977600,3699.600000,3708.400000,3649.400000,3667.000000,52.010740,190723.382480
1717891200,3679.200000,3717.000000,3671.200000,3711.100000,29.123304,108079.492658
1717804800,3687.200000,3695.100000,3664.900000,3680.600000,18.395843,67707.738789
1717718400,3804.800000,3837.000000,3590.300000,3696.400000,103.822808,383770.628896
1717632000,3863.700000,3877.300000,3780.700000,3811.500000,26.383541,100560.865187
1717545600,3822.000000,3873.600000,3783.100000,3855.600000,48.156627,185672.692449
1717459200,3745.100000,3822.800000,3729.600000,3813.500000,46.267201,176439.971967
1717372800,3771.700000,3836.500000,3761.900000,3780.500000,44.419691,167928.641107
1717286400,3814.900000,3828.500000,3759.400000,3783.500000,13.798307,52205.893135
1717200000,3780.300000,3820.800000,3780.300000,3815.600000,1.327031,5063.417919
1717113600,3760.900000,3839.400000,3722.900000,3756.900000,86.965074,326719.084820
1717027200,3752.300000,3814.300000,3701.700000,3745.300000,52.674326,197281.152569
1716940800,3842.500000,3874.300000,3747.500000,3765.000000,65.394400,246209.916527
1716854400,3871.400000,3907.700000,3777.700000,3849.600000,79.552687,306246.022951
1716768000,3848.300000,3966.300000,3840.400000,3895.700000,18.253182,71108.919832
1716681600,3744.800000,3874.400000,3734.700000,3818.700000,42.874474,163724.752680
1716595200,3717.400000,3770.300000,3715.200000,3748.700000,11.303342,42372.836506
1716508800,3769.200000,3830.100000,3627.400000,3729.200000,32.438884,120971.085914
1716422400,3750.500000,3937.700000,3538.300000,3777.000000,234.824126,886930.723789
1716336000,3788.100000,3800.600000,3656.400000,3748.800000,54.017618,202501.248195
1716249600,3672.600000,3828.700000,3627.400000,3789.500000,150.649976,570888.084279
1716163200,3079.800000,3681.800000,3075.300000,3677.100000,226.780465,833894.446601
1716076800,3117.300000,3118.800000,3063.700000,3068.500000,4.090118,12550.527881
1715990400,3106.100000,3140.300000,3098.200000,3122.800000,108.949135,340226.358778
1715904000,2941.900000,3116.300000,2938.700000,3092.200000,58.898729,182126.650061
1715817600,3034.200000,3034.200000,2929.900000,2941.700000,523.942185,1541280.726056
1715731200,2890.700000,3042.300000,2882.600000,3040.700000,751.505992,2285104.270391
1715644800,2948.100000,2949.200000,2863.000000,2890.700000,81.248891,234866.169098
1715558400,2931.300000,2989.000000,2875.500000,2940.400000,82.795674,243452.399830
1715472000,2923.400000,2947.300000,2900.200000,2930.500000,27.727928,81256.693854
1715385600,2913.000000,2935.500000,2901.600000,2929.600000,33.031516,96769.127985
1715299200,3025.800000,3049.100000,2884.300000,2906.600000,53.595110,155779.546464
1715212800,2976.500000,3036.700000,2953.900000,3036.700000,24.952319,75772.707107
1715126400,3019.600000,3032.200000,2942.900000,2972.900000,134.393250,399537.694203
1715040000,3069.500000,3125.600000,3003.400000,3004.000000,70.733825,212484.411712
1714953600,3145.100000,3220.100000,3057.700000,3066.500000,24.205622,74226.538606
1714867200,3118.700000,3168.700000,3077.100000,3133.100000,11.223622,35164.729242
1714780800,3105.500000,3164.100000,3096.100000,3109.200000,20.358929,63299.980959
1714694400,3009.000000,3125.600000,2968.300000,3104.700000,35.194573,109268.589862
1714608000,2966.100000,3012.500000,2896.800000,2987.200000,140.642000,420125.781683
1714521600,3011.700000,3014.700000,2820.000000,2978.800000,142.857136,425542.837342
1714435200,3207.900000,3218.700000,2928.700000,3012.500000,139.922748,421517.277778
1714348800,3267.700000,3280.000000,3125.600000,3216.700000,39.752643,127872.326416
1714262400,3253.700000,3360.600000,3250.500000,3255.600000,75.428209,245564.078034
1714176000,3101.200000,3268.400000,3072.200000,3251.900000,37.680195,122532.224625
1714089600,3144.500000,3162.700000,3117.400000,3126.600000,33.668965,105269.385844
1714003200,3144.100000,3184.900000,3073.300000,3159.200000,86.552863,273437.804632
1713916800,3214.900000,3290.000000,3113.500000,3137.800000,74.873126,234936.894512
1713830400,3212.100000,3264.000000,3165.900000,3217.200000,76.401407,245798.607919
1713744000,3172.500000,3220.100000,3137.700000,3220.100000,68.105436,219306.315752
1713657600,3153.600000,3184.200000,3125.600000,3162.100000,50.589964,159970.525228
1713571200,3055.800000,3165.600000,3026.300000,3154.200000,28.890132,91125.254228
1713484800,3058.200000,3125.600000,2884.600000,3043.100000,68.941938,209797.210645
1713398400,2956.500000,3083.500000,2956.500000,3080.700000,45.176445,139175.073002
1713312000,3093.200000,3116.600000,2927.300000,2996.400000,84.630261,253586.114330
1713225600,3079.400000,3125.600000,2999.000000,3092.600000,178.033652,550586.870969
1713139200,3125.600000,3268.400000,3033.900000,3124.500000,63.143650,197292.333800
1713052800,3011.200000,3172.500000,2922.000000,3155.900000,287.867135,908479.891157
1712966400,3230.200000,3293.300000,2848.000000,3015.700000,254.212128,766627.514983
1712880000,3507.200000,3542.600000,3098.500000,3240.200000,135.384871,438674.058787
1712793600,3531.200000,3607.100000,3483.600000,3501.900000,292.200086,1023255.480848
1712707200,3502.200000,3561.600000,3412.900000,3538.200000,34.890532,123449.681455
1712620800,3689.300000,3716.700000,3458.100000,3503.800000,90.558726,317299.665315
1712534400,3433.700000,3711.600000,3418.700000,3711.600000,108.947078,404367.974482
1712448000,3356.900000,3422.400000,3356.900000,3422.400000,24.601275,84195.404963
1712361600,3315.600000,3367.100000,3315.600000,3355.600000,6.546528,21967.530665
1712275200,3297.300000,3346.400000,3217.000000,3327.300000,97.478152,324339.056813
1712188800,3323.300000,3441.600000,3263.800000,3327.100000,23.957225,79708.083031
1712102400,3283.400000,3363.200000,3231.100000,3324.400000,104.392012,347040.803363
1712016000,3504.900000,3504.900000,3217.700000,3275.900000,100.988482,330828.167791
1711929600,3621.800000,3622.800000,3422.400000,3512.600000,98.025422,344324.098301
1711843200,3518.700000,3651.500000,3518.700000,3644.800000,94.589968,344761.516460
1711756800,3514.400000,3554.300000,3490.000000,3509.100000,20.256966,71083.721075
1711670400,3557.900000,3577.200000,3470.800000,3519.100000,36.458263,128300.273710
1711584000,3495.700000,3607.200000,3495.700000,3561.700000,36.798800,131066.286922
1711497600,3580.000000,3657.600000,3476.100000,3488.200000,163.784716,571313.846979
1711411200,3592.800000,3672.000000,3548.000000,3584.100000,105.012372,376374.844206
1711324800,3456.300000,3655.700000,3427.900000,3582.600000,107.023367,383421.915331
1711238400,3343.300000,3460.800000,3315.300000,3452.900000,40.304109,139166.059347
1711152000,3335.200000,3428.400000,3319.700000,3360.200000,58.638309,197036.444222
1711065600,3490.400000,3539.300000,3257.700000,3331.800000,173.006101,576421.726645
1710979200,3517.800000,3584.500000,3418.400000,3484.000000,192.724678,671452.777734
1710892800,3158.200000,3532.400000,3061.700000,3515.000000,373.529669,1312956.787625
1710806400,3525.800000,3544.500000,3149.000000,3158.200000,198.137380,625757.473390
1710720000,3621.600000,3632.300000,3466.300000,3524.900000,44.005479,155114.911517
1710633600,3539.600000,3675.300000,3421.500000,3650.500000,90.942276,331984.777005
1710547200,3740.900000,3772.400000,3489.400000,3519.100000,62.330085,219345.803531
1710460800,3880.900000,3911.800000,3562.900000,3747.900000,190.299689,713224.205752
1710374400,4009.700000,4010.200000,3726.100000,3881.700000,117.646328,456667.750388
1710288000,3996.600000,4080.700000,3938.000000,4003.300000,51.867970,207643.046022
1710201600,4076.400000,4076.400000,3829.000000,3950.800000,163.024922,644078.862391
1710115200,3880.600000,4084.100000,3741.900000,4076.500000,70.741707,288378.568463
1710028800,3920.100000,3962.400000,3803.400000,3884.200000,15.785176,61312.779648
1709942400,3912.300000,3949.800000,3889.300000,3917.900000,21.379589,83763.092840
1709856000,3876.200000,4000.000000,3829.900000,3891.400000,108.277882,421352.549042
1709769600,3828.200000,3927.000000,3743.300000,3865.700000,42.014279,162414.598060
1709683200,3589.900000,3899.100000,3506.200000,3825.700000,109.416276,418593.846711
1709596800,3624.400000,3819.600000,3210.300000,3550.500000,298.215526,1058814.224317
1709510400,3520.900000,3645.600000,3438.000000,3645.600000,76.473243,278790.855373
1709424000,3421.600000,3490.000000,3367.100000,3472.500000,21.910904,76085.614834
1709337600,3438.000000,3459.600000,3396.300000,3420.200000,37.255308,127420.604866
1709251200,3363.900000,3450.700000,3351.900000,3445.500000,48.190560,166040.573791
1709164800,3417.600000,3520.900000,3302.300000,3328.600000,162.539444,541028.793997
1709078400,3241.800000,3478.300000,2250.000000,3378.400000,458.658892,1549533.201104
1708992000,3174.000000,3280.000000,3171.000000,3247.400000,90.821271,294932.995153
1708905600,3126.200000,3188.800000,3047.800000,3175.100000,73.719742,234067.554380
1708819200,2993.400000,3112.500000,2985.800000,3112.500000,69.233004,215487.725479
1708732800,2923.600000,3005.200000,2910.300000,2991.300000,6.271702,18760.541146
1708646400,2975.600000,2990.600000,2908.800000,2914.100000,40.983430,119429.813276
1708560000,2938.300000,3028.700000,2916.600000,2969.400000,97.335315,289027.485489
1708473600,3014.400000,3014.400000,2886.900000,2968.600000,41.710378,123821.427300
1708387200,2938.000000,3009.500000,2885.200000,3009.500000,22.589370,67982.709587
1708300800,2861.900000,2968.300000,2861.900000,2943.000000,52.424411,154285.040543
1708214400,2766.000000,2886.200000,2766.000000,2886.200000,7.679922,22165.790415
1708128000,2790.900000,2796.300000,2726.700000,2796.300000,34.866464,97497.093032
1708041600,2827.000000,2859.000000,2752.200000,2805.100000,33.853530,94962.537059
1707955200,2782.200000,2859.000000,2772.700000,2814.300000,32.624871,91816.173864
1707868800,2626.000000,2784.600000,2626.000000,2776.000000,15.260110,42362.065665
1707782400,2683.600000,2683.600000,2602.700000,2632.500000,46.612241,122706.724301
1707696000,2518.900000,2657.200000,2478.300000,2654.800000,27.522964,73067.964057
1707609600,2504.700000,2534.100000,2495.900000,2495.900000,38.518206,96137.590405
1707523200,2502.100000,2516.600000,2481.600000,2500.200000,11.938558,29848.781537
1707436800,2440.000000,2522.900000,2439.500000,2504.400000,29.537877,73974.658958
1707350400,2426.200000,2459.100000,2412.100000,2430.500000,24.871977,60451.340730
1707264000,2384.000000,2444.000000,2356.800000,2425.300000,34.350158,83309.438585
1707177600,2307.400000,2388.600000,2307.400000,2376.000000,39.618012,94132.396298
1707091200,2280.100000,2330.300000,2277.800000,2287.400000,11.535168,26385.542483
1707004800,2300.500000,2306.600000,2268.800000,2289.100000,9.752880,22325.318432
1706918400,2318.500000,2324.800000,2294.000000,2296.200000,45.684218,104900.102267
1706832000,2306.400000,2321.300000,2282.900000,2304.500000,19.890896,45838.569072
1706745600,2285.300000,2305.100000,2243.400000,2302.400000,53.995259,124318.684782
1706659200,2341.500000,2345.300000,2269.100000,2283.600000,25.930950,59215.917968
1706572800,2316.700000,2388.900000,2299.900000,2371.700000,115.292700,273439.697373
1706486400,2267.000000,2313.800000,2236.600000,2310.800000,35.321213,81620.258307
1706400000,2277.200000,2300.800000,2245.000000,2254.300000,3.759611,8475.290919
1706313600,2279.000000,2279.000000,2252.900000,2265.900000,1.629424,3692.111887
1706227200,2217.000000,2278.500000,2193.900000,2267.300000,29.265441,66353.533903
1706140800,2231.300000,2238.300000,2176.400000,2221.600000,87.873031,195218.724981
1706054400,2243.900000,2254.400000,2201.500000,2232.600000,30.220491,67470.267894
1705968000,2327.100000,2346.800000,2170.500000,2232.200000,30.692108,68510.923321
1705881600,2455.400000,2464.000000,2302.700000,2311.400000,30.848857,71304.047399
1705795200,2463.700000,2479.400000,2463.700000,2464.000000,11.220036,27646.167620
1705708800,2486.800000,2486.800000,2460.000000,2471.000000,17.948667,44351.156577
1705622400,2467.100000,2499.500000,2413.900000,2490.600000,30.157585,75110.480952
1705536000,2526.300000,2543.400000,2427.700000,2465.600000,27.604067,68060.588187
1705449600,2581.400000,2582.200000,2511.100000,2526.700000,14.234964,35967.483994
1705363200,2512.600000,2609.200000,2506.600000,2587.600000,62.032425,160515.102826
1705276800,2480.600000,2549.100000,2480.600000,2507.300000,32.774120,82174.551903
1705190400,2566.100000,2566.100000,2474.800000,2474.800000,22.352299,55317.469516
1705104000,2523.600000,2566.500000,2504.300000,2566.500000,65.534255,168193.664713
1705017600,2599.300000,2693.700000,2458.000000,2524.600000,197.251526,497981.202211
1704931200,2585.100000,2682.000000,2575.600000,2621.700000,286.731679,751724.442677
1704844800,2352.500000,2640.700000,2351.700000,2597.800000,274.133096,712142.956035
1704758400,2313.800000,2367.700000,2249.000000,2340.300000,65.323429,152876.421099
1704672000,2209.200000,2355.200000,2179.600000,2336.200000,92.751966,216687.142198
1704585600,2241.900000,2257.700000,2210.500000,2210.500000,8.670129,19165.320972
1704499200,2254.900000,2255.600000,2221.500000,2237.900000,7.714509,17264.298729
1704412800,2277.100000,2278.400000,2210.000000,2275.900000,46.028972,104757.338080
1704326400,2214.700000,2298.000000,2214.000000,2272.600000,44.435954,100985.148083
1704240000,2374.000000,2383.300000,2082.200000,2202.700000,258.468850,569329.336115
1704153600,2351.300000,2430.500000,2349.500000,2366.300000,12.142857,28733.643442
1704067200,2289.200000,2351.700000,2274.300000,2351.700000,4.193174,9861.086308
1703980800,2295.700000,2329.700000,2259.200000,2273.100000,23.474545,53359.988717
1703894400,2298.600000,2305.200000,2281.100000,2283.300000,15.828792,36141.880865
1703808000,2350.400000,2376.100000,2258.700000,2295.500000,97.689401,224246.019605
1703721600,2392.500000,2442.900000,2352.000000,2352.000000,32.061560,75408.788015
1703635200,2224.600000,2389.500000,2220.100000,2377.500000,25.376997,60333.810225
1703548800,2265.900000,2270.900000,2179.700000,2218.400000,32.549433,72207.663099
1703462400,2271.600000,2292.300000,2262.200000,2272.700000,13.684263,31100.223975
1703376000,2303.900000,2320.700000,2251.200000,2264.600000,15.080358,34150.978251
1703289600,2324.700000,2325.400000,2270.500000,2308.100000,23.989328,55369.767611
1703203200,2236.700000,2339.800000,2234.700000,2310.400000,34.831248,80474.114340
1703116800,2200.200000,2275.700000,2188.500000,2234.700000,36.689945,81991.020047
1703030400,2177.000000,2254.500000,2159.700000,2198.200000,83.446238,183431.520284
1702944000,2213.300000,2253.300000,2137.300000,2176.700000,48.093011,104684.057849
1702857600,2199.900000,2221.000000,2122.700000,2217.000000,6.206912,13760.724237
1702771200,2232.100000,2245.300000,2196.000000,2199.000000,32.364249,71168.984431
1702684800,2219.500000,2256.600000,2219.400000,2225.400000,24.603060,54751.649368
1702598400,2305.700000,2305.700000,2220.400000,2221.900000,43.113714,95794.360159
1702512000,2251.500000,2320.100000,2237.700000,2316.400000,39.004487,90349.994683
1702425600,2202.100000,2280.700000,2161.900000,2256.100000,48.773107,110037.006703
1702339200,2230.800000,2235.100000,2165.500000,2201.300000,88.114698,193966.885566
1702252800,2335.900000,2335.900000,2147.400000,2217.700000,169.001168,374793.889630
1702166400,2343.400000,2376.400000,2325.200000,2354.200000,17.467959,41123.069078
1702080000,2361.400000,2386.300000,2337.500000,2337.500000,44.679593,104438.549666
1701993600,2360.100000,2384.600000,2342.700000,2357.900000,72.106342,170019.544769
1701907200,2234.400000,2374.900000,2229.600000,2354.700000,102.408225,241140.646678
1701820800,2305.500000,2308.200000,2223.800000,2235.500000,53.533048,119673.127753
1701734400,2243.100000,2301.700000,2196.000000,2282.700000,27.939161,63776.722335
1701648000,2204.300000,2261.200000,2204.300000,2240.100000,40.683587,91135.302947
1701561600,2165.200000,2213.500000,2149.200000,2204.100000,32.186085,70941.350522
1701475200,2098.300000,2190.700000,2098.300000,2161.000000,25.651260,55432.373227
1701388800,2075.900000,2108.300000,2075.900000,2093.500000,14.160258,29644.500437
1701302400,2024.100000,2051.000000,2024.100000,2051.000000,25.699520,52709.715807
1701216000,2056.900000,2077.600000,2028.400000,2028.400000,139.463042,282886.833744
1701129600,2035.700000,2070.600000,2009.400000,2060.700000,57.612857,118722.814976
1701043200,2063.100000,2063.100000,1989.100000,1996.700000,31.619232,63134.120275
1700956800,2076.900000,2084.000000,2042.800000,2068.200000,29.758382,61546.286583
1700870400,2077.800000,2089.900000,2072.000000,2086.200000,3.428274,7152.066012
1700784000,2067.600000,2124.600000,2064.800000,2080.000000,138.396605,287864.938254
1700697600,2069.000000,2080.300000,2039.900000,2062.200000,139.881860,288464.372620
1700611200,1980.000000,2079.500000,1980.000000,2063.900000,30.274998,62484.567629
1700524800,2021.100000,2035.100000,1936.700000,1941.800000,113.552110,220495.486499
1700438400,2004.200000,2057.600000,1994.600000,2018.700000,40.250889,81254.468696
1700352000,1959.300000,2013.800000,1945.500000,2013.800000,5.440827,10956.737111
1700265600,1952.800000,1970.100000,1925.600000,1960.600000,2.130694,4177.439421
1700179200,1960.500000,1976.500000,1912.000000,1954.100000,63.491579,124068.893703
1700092800,2058.100000,2085.500000,1942.300000,1962.400000,65.989239,129497.283202
1700006400,1983.500000,2052.600000,1983.300000,2045.500000,8.802652,18005.824134
1699920000,2053.200000,2062.300000,1936.000000,1984.300000,56.997428,113099.996321
1699833600,2039.300000,2099.800000,2039.300000,2063.500000,18.186655,37528.161891
1699747200,2053.200000,2059.400000,2022.600000,2045.600000,17.496700,35791.249377
1699660800,2067.700000,2078.700000,2035.600000,2052.900000,66.983328,137510.074031
1699574400,2117.600000,2128.600000,2074.900000,2085.200000,39.319336,81988.680282
1699488000,1884.300000,2127.600000,1884.300000,2127.600000,145.380923,309312.452753
1699401600,1885.400000,1903.400000,1877.700000,1898.100000,49.292711,93562.495034
1699315200,1888.200000,1901.400000,1854.500000,1888.200000,16.777393,31679.073444
1699228800,1880.500000,1913.800000,1880.500000,1904.200000,17.914519,34112.827689
1699142400,1857.700000,1912.300000,1834.400000,1894.000000,14.040768,26593.215122
1699056000,1831.700000,1868.000000,1831.000000,1857.300000,5.526253,10263.908954
1698969600,1783.800000,1828.800000,1781.300000,1828.800000,16.198138,29623.154116
1698883200,1847.300000,1871.400000,1791.000000,1806.200000,33.085641,59759.285099
1698796800,1814.600000,1856.800000,1787.800000,1855.500000,11.167825,20721.899176
1698710400,1814.500000,1816.200000,1783.700000,1816.200000,77.915267,141509.707017
1698624000,1794.700000,1818.900000,1779.900000,1808.800000,10.879906,19679.574063
1698537600,1775.200000,1805.600000,1775.200000,1795.200000,9.828546,17644.206497
1698451200,1784.300000,1803.500000,1771.900000,1771.900000,9.383709,16626.994154
1698364800,1792.600000,1810.700000,1745.200000,1780.300000,129.205287,230024.173265
1698278400,1785.100000,1857.100000,1764.200000,1806.600000,36.939210,66734.376515
1698192000,1785.200000,1808.100000,1769.300000,1781.000000,16.649197,29652.219750
1698105600,1765.400000,1844.000000,1763.400000,1793.900000,44.648247,80094.490096
1698019200,1667.800000,1772.000000,1667.800000,1758.300000,25.768229,45308.276945
1697932800,1631.500000,1666.300000,1623.800000,1662.600000,30.005025,49886.355130
1697846400,1605.400000,1643.300000,1593.100000,1626.800000,12.071123,19637.302294
1697760000,1564.000000,1628.400000,1563.400000,1608.000000,14.888925,23941.391513
1697673600,1563.200000,1573.600000,1543.800000,1568.200000,16.824385,26384.000228
1697587200,1564.900000,1580.800000,1558.300000,1564.100000,40.260321,62971.167951
1697500800,1597.900000,1597.900000,1555.400000,1562.400000,37.774739,59019.252932
1697414400,1558.600000,1635.600000,1558.600000,1601.300000,40.193818,64362.360507
1697328000,1552.500000,1565.300000,1548.700000,1556.700000,37.775877,58805.707850
1697241600,1554.000000,1558.500000,1547.200000,1555.700000,7.662391,11920.381912
1697155200,1543.100000,1571.500000,1539.000000,1551.400000,22.600757,35062.814782
1697068800,1560.800000,1562.300000,1524.700000,1537.400000,26.215468,40303.661149
1696982400,1556.700000,1577.200000,1551.700000,1564.200000,12.403045,19400.843411
1696896000,1580.200000,1592.500000,1560.200000,1566.700000,61.820416,96854.044980
1696809600,1628.800000,1635.700000,1549.800000,1580.600000,36.656336,57939.004318
1696723200,1635.000000,1640.300000,1627.300000,1629.800000,21.040154,34291.242337
1696636800,1646.900000,1646.900000,1635.000000,1636.400000,6.444578,10545.907750
1696550400,1616.400000,1659.200000,1614.700000,1649.000000,62.021994,102274.267529
1696464000,1643.700000,1644.300000,1612.600000,1613.800000,15.479620,24981.010691
1696377600,1637.100000,1653.300000,1635.100000,1652.000000,22.416051,37031.316070
1696291200,1661.600000,1669.900000,1649.700000,1656.300000,14.782996,24485.076970
1696204800,1732.700000,1743.200000,1646.500000,1665.100000,65.141636,108467.338770
1696118400,1673.900000,1752.400000,1671.200000,1729.800000,79.673895,137819.904176
1696032000,1669.000000,1691.400000,1666.600000,1670.200000,35.567655,59405.097715
1695945600,1653.100000,1685.000000,1651.700000,1668.400000,53.396750,89087.137817
1695859200,1597.300000,1661.800000,1597.300000,1653.300000,55.133750,91152.628280
1695772800,1595.000000,1622.800000,1589.800000,1595.500000,53.812517,85857.870889
1695686400,1589.800000,1597.300000,1581.000000,1583.500000,131.965469,208967.320383
1695600000,1573.100000,1593.000000,1566.400000,1588.500000,57.092000,90690.641619
1695513600,1594.400000,1598.400000,1579.800000,1579.800000,19.697015,31117.344803
1695427200,1594.600000,1595.900000,1589.500000,1593.800000,28.981199,46190.235412
1695340800,1581.000000,1600.500000,1581.000000,1594.200000,41.844689,66708.803076
1695254400,1615.400000,1624.800000,1573.800000,1585.500000,16.336348,25901.279072
1695168000,1641.600000,1641.600000,1609.100000,1623.400000,66.773642,108400.330001
1695081600,1632.900000,1660.500000,1629.200000,1642.900000,115.873434,190368.465244
1694995200,1622.300000,1666.500000,1612.800000,1637.500000,98.571611,161411.013405
1694908800,1633.100000,1634.300000,1613.900000,1613.900000,7.006003,11306.988064
1694822400,1643.600000,1649.800000,1633.300000,1633.400000,10.461241,17087.391539
1694736000,1623.600000,1642.200000,1614.800000,1642.200000,27.664491,45430.626316
1694649600,1612.900000,1642.900000,1612.900000,1629.000000,272.623315,444103.380640
1694563200,1595.100000,1614.100000,1558.500000,1601.300000,163.222357,261367.960568
1694476800,1586.900000,1618.200000,1576.700000,1593.300000,82.435906,131345.128775
1694390400,1609.400000,1616.800000,1531.400000,1546.200000,33.890570,52401.599674
1694304000,1630.800000,1630.800000,1600.100000,1623.200000,2.979029,4835.559435
1694217600,1635.000000,1635.700000,1633.200000,1635.600000,1.213396,1984.631201
1694131200,1645.000000,1654.700000,1625.600000,1635.800000,12.064622,19735.308013
1694044800,1635.500000,1651.500000,1633.300000,1645.300000,39.666226,65262.841720
1693958400,1632.700000,1661.500000,1611.100000,1628.500000,12.549270,20436.486749
1693872000,1622.800000,1640.800000,1614.900000,1631.600000,36.276288,59188.391223
1693785600,1641.500000,1643.000000,1617.500000,1630.600000,32.905494,53655.698092
1693699200,1634.400000,1639.600000,1627.600000,1635.600000,6.753266,11045.641968
1693612800,1631.300000,1638.900000,1626.500000,1636.900000,2.712397,4439.922224
1693526400,1651.800000,1651.800000,1607.100000,1626.200000,4.632936,7534.079954
1693440000,1706.900000,1721.600000,1630.500000,1649.200000,111.301435,183558.326503
1693353600,1730.300000,1730.300000,1699.400000,1702.800000,22.214491,37826.835207
1693267200,1651.200000,1742.200000,1639.300000,1730.300000,65.864498,113965.341495
1693180800,1650.600000,1659.400000,1624.400000,1648.500000,21.850837,36021.104250
1693094400,1652.000000,1657.500000,1648.300000,1653.800000,10.962012,18128.975396
1693008000,1650.900000,1652.500000,1645.700000,1652.500000,6.697592,11067.770086
1692921600,1658.500000,1666.500000,1636.000000,1646.700000,185.631029,305678.614779
1692835200,1680.200000,1681.700000,1638.000000,1659.900000,68.951983,114453.396200
1692748800,1639.400000,1696.000000,1632.900000,1679.400000,106.043927,178090.171121
1692662400,1666.700000,1666.700000,1582.100000,1627.800000,172.045781,280056.121840
1692576000,1683.500000,1684.800000,1649.900000,1673.000000,49.915492,83508.618568
1692489600,1668.400000,1691.100000,1664.800000,1690.200000,95.836912,161983.548527
1692403200,1669.400000,1696.800000,1654.300000,1669.400000,49.993606,83459.326307
1692316800,1691.000000,1696.000000,1644.300000,1663.300000,110.895629,184452.698917
1692230400,1801.000000,1801.100000,1531.100000,1684.600000,750.934016,1265023.442781
1692144000,1826.700000,1827.700000,1798.500000,1805.000000,44.603390,80509.119437
1692057600,1844.400000,1844.400000,1814.700000,1826.800000,189.102924,345453.221691
1691971200,1839.600000,1852.800000,1838.100000,1843.600000,140.182694,258440.814677
1691884800,1850.400000,1858.000000,1838.700000,1839.700000,28.646938,52701.772096
1691798400,1846.200000,1852.400000,1843.700000,1848.600000,77.807537,143835.013212
1691712000,1853.000000,1853.100000,1841.300000,1848.200000,45.093601,83341.992888
1691625600,1853.600000,1860.700000,1846.800000,1851.700000,17.673106,32725.289473
1691539200,1854.600000,1869.000000,1847.700000,1850.600000,46.325394,85729.774784
1691452800,1828.200000,1861.500000,1827.500000,1857.800000,24.968006,46385.561956
1691366400,1837.100000,1839.400000,1805.000000,1823.900000,49.075773,89509.302028
1691280000,1833.400000,1834.600000,1827.100000,1827.100000,23.145019,42288.263484
1691193600,1832.000000,1835.800000,1826.900000,1835.800000,16.642992,30553.205466
1691107200,1834.700000,1846.400000,1825.900000,1828.400000,28.089652,51359.120466
1691020800,1842.300000,1855.300000,1826.700000,1837.200000,59.994771,110222.392528
1690934400,1870.100000,1870.100000,1822.500000,1837.900000,25.000698,45948.782652
1690848000,1855.100000,1866.500000,1815.000000,1865.400000,44.551663,83106.672962
1690761600,1861.200000,1872.100000,1849.400000,1856.000000,35.520685,65926.391026
1690675200,1881.700000,1883.700000,1852.400000,1862.900000,54.944650,102356.388709
1690588800,1874.800000,1884.900000,1871.800000,1882.600000,35.779076,67357.689174
1690502400,1864.400000,1880.300000,1858.400000,1875.100000,45.364682,85063.315724
1690416000,1870.500000,1885.300000,1858.400000,1858.900000,74.318996,138151.582334
1690329600,1856.700000,1875.200000,1848.300000,1873.300000,40.814447,76457.703228
1690243200,1852.900000,1865.300000,1849.900000,1859.900000,30.273276,56305.266330
1690156800,1888.300000,1888.600000,1828.100000,1849.000000,40.166783,74268.381675
1690070400,1870.900000,1903.800000,1869.900000,1889.800000,81.123534,153307.254289
1689984000,1895.200000,1896.100000,1862.600000,1864.500000,15.591585,29070.510680
1689897600,1890.800000,1900.400000,1885.500000,1892.200000,41.841872,79173.190823
1689811200,1886.100000,1928.900000,1881.100000,1891.200000,17.144749,32424.149006
1689724800,1909.500000,1918.500000,1887.000000,1887.000000,6.077856,11468.913574
1689638400,1910.200000,1910.200000,1882.200000,1896.600000,15.560158,29511.394885
1689552000,1928.100000,1932.500000,1880.700000,1915.700000,20.405481,39090.779779
1689465600,1935.300000,1939.200000,1925.600000,1934.400000,24.546820,47483.367718
1689379200,1935.800000,1942.800000,1927.200000,1929.700000,8.446728,16299.650443
1689292800,1999.300000,2029.400000,1905.000000,1935.100000,23.769620,45996.591836
1689206400,1865.800000,2003.800000,1865.800000,1988.200000,42.456565,84412.143388
1689120000,1877.300000,1900.000000,1874.100000,1874.100000,18.373312,34433.424844
1689033600,1878.000000,1887.500000,1861.800000,1877.800000,10.693818,20080.851384
1688947200,1855.300000,1904.100000,1853.900000,1881.800000,104.344334,196355.166780
1688860800,1862.200000,1875.800000,1862.200000,1862.800000,9.736235,18136.658260
1688774400,1868.700000,1871.900000,1844.600000,1858.400000,14.260317,26501.372388
1688688000,1845.900000,1876.800000,1841.500000,1868.100000,16.744741,31280.849952
1688601600,1907.900000,1924.100000,1850.500000,1850.500000,10.142883,18769.405010
1688515200,1935.400000,1942.300000,1896.800000,1911.900000,24.620513,47071.958766
1688428800,1957.100000,1966.600000,1939.600000,1941.300000,14.484290,28118.352293
1688342400,1939.700000,1974.600000,1939.700000,1952.400000,46.758095,91290.505342
1688256000,1918.300000,1942.900000,1891.000000,1925.700000,26.833854,51673.952243
1688169600,1933.900000,1936.600000,1907.200000,1920.500000,13.351828,25642.186000
1688083200,1856.700000,1944.100000,1823.600000,1931.600000,26.462553,51115.067877
1687996800,1829.300000,1877.100000,1829.200000,1851.800000,47.271448,87537.267221
1687910400,1878.800000,1878.800000,1816.100000,1829.100000,12.858131,23518.808162
1687824000,1860.300000,1896.800000,1858.600000,1892.900000,23.136196,43794.505617
1687737600,1899.800000,1906.300000,1848.400000,1855.400000,112.282696,208329.314789
1687651200,1877.500000,1925.400000,1877.300000,1888.700000,20.567096,38845.073800
1687564800,1886.200000,1894.800000,1871.900000,1874.200000,1.478065,2770.190060
1687478400,1873.800000,1931.400000,1866.800000,1890.500000,26.079320,49302.953893
1687392000,1891.200000,1930.700000,1871.800000,1881.100000,251.436108,472976.462025
1687305600,1788.500000,1897.700000,1788.500000,1897.700000,48.310936,91679.663456
1687219200,1745.000000,1792.900000,1725.000000,1792.900000,45.085478,80833.752771
1687132800,1721.800000,1749.000000,1703.200000,1732.500000,18.243819,31607.416383
1687046400,1726.700000,1744.900000,1719.500000,1719.500000,42.779569,73559.468276
1686960000,1722.000000,1768.700000,1715.100000,1726.900000,16.108830,27818.337836
1686873600,1661.200000,1721.300000,1652.800000,1714.100000,15.339100,26292.751207
1686787200,1651.800000,1674.000000,1623.200000,1663.700000,72.996441,121444.178825
1686700800,1738.100000,1752.300000,1634.500000,1654.000000,33.049146,54663.288294
1686614400,1746.500000,1766.300000,1729.400000,1736.300000,27.840283,48339.083929
1686528000,1746.100000,1756.200000,1728.800000,1742.200000,7.994168,13927.440361
1686441600,1756.200000,1774.500000,1741.700000,1745.700000,3.226635,5632.736789
1686355200,1844.900000,1844.900000,1720.500000,1751.100000,64.390485,112754.179071
1686268800,1846.600000,1850.500000,1831.200000,1833.000000,35.216783,64552.363734
1686182400,1833.300000,1852.000000,1830.700000,1852.000000,15.015912,27809.468357
1686096000,1884.000000,1894.500000,1825.100000,1829.100000,35.312943,64590.904407
1686009600,1811.200000,1893.300000,1803.300000,1884.500000,52.891136,99673.346395
1685923200,1889.700000,1889.700000,1777.900000,1805.900000,72.270341,130513.008740
1685836800,1894.200000,1910.100000,1888.800000,1892.200000,16.719046,31635.779503
1685750400,1906.100000,1913.600000,1887.600000,1891.700000,48.870945,92449.166959
1685664000,1862.600000,1912.300000,1851.300000,1907.300000,85.806847,163659.399111
1685577600,1878.400000,1889.100000,1847.400000,1862.100000,37.817696,70420.330921
1685491200,1900.500000,1906.000000,1852.900000,1877.600000,45.299746,85054.802977
1685404800,1893.600000,1914.700000,1886.700000,1900.100000,67.825808,128875.818427
1685318400,1919.700000,1921.800000,1879.000000,1893.000000,84.316177,159610.522190
1685232000,1827.700000,1918.500000,1825.200000,1913.800000,56.889807,108875.712713
1685145600,1826.400000,1835.600000,1821.100000,1830.500000,20.796611,38068.197094
1685059200,1805.200000,1836.700000,1803.800000,1829.400000,41.671258,76233.399001
1684972800,1803.600000,1813.000000,1767.700000,1807.700000,63.897620,115507.728216
1684886400,1848.100000,1848.200000,1784.000000,1800.000000,47.687013,85836.624174
1684800000,1823.500000,1869.200000,1823.100000,1854.000000,36.897641,68408.225598
1684713600,1803.500000,1825.300000,1802.300000,1818.100000,13.652553,24821.706082
1684627200,1818.800000,1823.200000,1803.800000,1803.800000,8.653764,15609.660171
1684540800,1813.400000,1827.700000,1806.400000,1814.700000,8.448291,15331.113641
1684454400,1799.700000,1821.200000,1798.500000,1812.000000,16.605567,30089.287132
1684368000,1821.800000,1829.200000,1783.700000,1807.000000,46.692558,84373.452649
1684281600,1824.100000,1833.200000,1787.700000,1829.000000,26.656726,48755.151525
1684195200,1814.100000,1829.300000,1808.500000,1820.900000,8.112262,14771.617839
1684108800,1795.500000,1838.500000,1792.800000,1822.300000,56.153679,102328.849661
1684022400,1796.500000,1811.900000,1794.200000,1799.100000,50.319128,90529.142321
1683936000,1804.100000,1812.500000,1788.500000,1795.200000,30.729135,55164.943332
1683849600,1797.300000,1810.100000,1747.100000,1810.100000,61.209753,110795.774593
1683763200,1839.700000,1839.700000,1775.400000,1792.100000,14.779098,26485.621759
1683676800,1847.900000,1879.800000,1805.100000,1838.100000,56.820591,104441.927674
1683590400,1842.800000,1852.300000,1835.000000,1852.300000,80.974246,149988.596588
1683504000,1872.600000,1883.400000,1816.500000,1847.200000,62.640130,115708.847360
1683417600,1899.200000,1933.300000,1895.800000,1897.500000,53.770987,102030.447662
1683331200,1997.300000,2005.100000,1874.200000,1897.100000,112.536021,213492.084585
1683244800,1881.300000,1998.500000,1881.300000,1997.900000,58.414664,116706.657845
1683158400,1898.600000,1917.100000,1873.600000,1878.600000,10.392417,19523.194595
1683072000,1875.200000,1913.500000,1847.400000,1903.200000,55.346546,105335.546119
1682985600,1833.500000,1877.800000,1819.200000,1873.500000,73.425752,137563.146484
1682899200,1875.100000,1886.100000,1807.000000,1829.500000,67.780415,124004.269773
1682812800,1899.900000,1932.000000,1886.500000,1887.100000,72.985454,137730.851074
1682726400,1893.200000,1918.400000,1893.100000,1907.900000,19.192046,36616.505174
1682640000,1908.700000,1922.500000,1875.100000,1885.700000,46.000686,86743.493930
1682553600,1873.800000,1936.400000,1865.200000,1912.600000,132.026018,252512.961549
1682467200,1864.800000,1960.600000,1803.000000,1860.500000,60.184200,111972.704547
1682380800,1840.800000,1880.300000,1811.100000,1880.300000,94.296706,177306.095577
1682294400,1855.800000,1875.000000,1810.000000,1840.900000,49.694949,91483.431651
1682208000,1871.300000,1875.700000,1846.800000,1854.400000,18.903952,35055.488348
1682121600,1847.700000,1881.200000,1847.700000,1877.000000,158.451559,297413.576356
1682035200,1939.900000,1949.300000,1834.600000,1836.300000,77.972187,143180.327612
1681948800,1931.700000,1978.700000,1920.200000,1930.000000,18.854820,36389.802909
1681862400,2097.700000,2097.800000,1926.100000,1935.100000,190.971892,369549.709138
1681776000,2104.000000,2122.400000,2072.500000,2097.900000,68.602937,143922.102413
1681689600,2108.200000,2108.200000,2067.600000,2083.300000,44.743569,93214.276944
1681603200,2074.700000,2125.600000,2074.700000,2125.600000,7.561526,16072.780537
1681516800,2100.300000,2107.900000,2079.000000,2096.300000,4.617044,9678.710260
1681430400,2014.600000,2130.000000,2014.600000,2110.700000,29.814198,62928.827275
1681344000,1911.300000,2018.500000,1911.300000,2010.300000,34.176731,68705.482229
1681257600,1901.100000,1929.100000,1849.600000,1922.900000,94.141865,181025.391439
1681171200,1915.100000,1934.700000,1885.400000,1889.800000,82.362153,155647.997136
1681084800,1855.100000,1911.400000,1850.000000,1911.200000,29.583414,56539.820627
1680998400,1851.200000,1868.700000,1831.600000,1868.700000,3.309871,6185.156368
1680912000,1858.600000,1874.000000,1850.300000,1854.400000,2.796902,5186.575829
1680825600,1874.200000,1894.300000,1848.100000,1857.600000,17.303405,32142.805184
1680739200,1907.700000,1907.700000,1858.400000,1866.900000,2.288094,4271.642483
1680652800,1871.200000,1927.400000,1871.200000,1898.400000,34.597302,65679.517756
1680566400,1808.900000,1875.300000,1803.000000,1859.000000,13.183495,24508.117019
1680480000,1775.300000,1837.000000,1774.200000,1806.400000,11.182950,20200.880410
1680393600,1817.300000,1825.700000,1777.900000,1794.000000,8.673999,15561.155013
1680307200,1826.300000,1839.300000,1811.200000,1820.300000,8.413581,15315.240675
1680220800,1798.900000,1842.200000,1784.800000,1825.400000,43.898539,80132.392269
1680134400,1796.300000,1823.900000,1762.900000,1793.400000,44.954289,80621.022431
1680048000,1768.600000,1828.600000,1768.600000,1787.400000,12.467640,22284.660308
1679961600,1726.100000,1778.500000,1720.000000,1764.900000,19.539737,34485.681955
1679875200,1763.400000,1777.600000,1703.500000,1703.500000,14.750869,25128.105955
1679788800,1755.200000,1792.300000,1755.200000,1777.300000,2.318616,4120.876270
1679702400,1752.600000,1752.600000,1728.900000,1733.100000,1.069649,1853.808093
1679616000,1814.900000,1814.900000,1733.700000,1742.000000,9.870009,17193.556479
1679529600,1741.600000,1840.000000,1734.800000,1816.600000,32.472277,58989.137599
1679443200,1789.300000,1813.600000,1726.600000,1726.600000,24.882048,42961.344198
1679356800,1747.600000,1831.800000,1734.700000,1802.100000,4.283926,7720.062468
1679270400,1786.400000,1802.700000,1741.600000,1741.600000,21.639623,37687.567957
1679184000,1767.100000,1813.900000,1767.100000,1809.100000,6.725321,12166.778764
1679097600,1790.500000,1841.700000,1769.800000,1790.000000,72.133243,129118.505346
1679011200,1672.600000,1786.200000,1666.200000,1786.000000,85.761754,153170.492733
1678924800,1657.400000,1683.700000,1654.900000,1683.700000,0.632758,1065.374847
1678838400,1705.600000,1717.100000,1627.200000,1671.200000,8.726467,14583.670848
1678752000,1692.100000,1791.000000,1669.000000,1707.700000,70.366173,120164.313342
1678665600,1603.300000,1744.800000,1565.600000,1687.300000,8.892641,15004.553716
1678579200,1531.900000,1739.800000,1450.200000,1598.000000,66.843366,106815.698245
1678492800,1433.800000,1774.800000,1433.100000,1546.400000,851.069803,1316094.343746
1678406400,1428.400000,1438.300000,1371.700000,1438.300000,164.733189,236935.745954
1678320000,1533.500000,1544.700000,1419.500000,1437.000000,142.812417,205221.442740
1678233600,1563.200000,1567.400000,1525.000000,1532.000000,66.866130,102438.911482
1678147200,1563.200000,1578.000000,1537.500000,1550.300000,23.512301,36451.120209
1678060800,1564.000000,1578.700000,1559.100000,1570.100000,17.198429,27003.252855
1677974400,1567.700000,1585.400000,1557.100000,1563.400000,42.605177,66608.932956
1677888000,1572.000000,1572.100000,1561.600000,1561.700000,21.934569,34255.215908
1677801600,1645.800000,1645.800000,1551.500000,1570.300000,90.343488,141866.379112
1677715200,1666.600000,1678.000000,1624.400000,1646.800000,24.073182,39643.716760
1677628800,1598.300000,1661.900000,1595.300000,1661.900000,10.483820,17423.061239
1677542400,1630.800000,1640.300000,1598.400000,1604.200000,14.633410,23474.915712
1677456000,1645.900000,1662.400000,1608.000000,1608.000000,26.237488,42189.879916
1677369600,1594.400000,1645.700000,1589.800000,1639.500000,400.084076,655937.842290
1677283200,1608.500000,1712.400000,1560.800000,1594.500000,141.000776,224825.737842
1677196800,1656.200000,1656.200000,1580.100000,1607.800000,125.731475,202151.066261
1677110400,1638.200000,1676.300000,1637.600000,1643.700000,210.735404,346385.784196
1677024000,1654.800000,1654.800000,1600.800000,1620.200000,142.388883,230698.468253
1676937600,1710.300000,1715.000000,1642.800000,1656.800000,27.139798,44965.218072
1676851200,1701.300000,1705.400000,1687.600000,1705.400000,1.000507,1706.264535
1676764800,1698.200000,1720.800000,1681.700000,1681.700000,25.456227,42809.737652
1676678400,1692.900000,1703.200000,1678.600000,1682.000000,580.742771,976809.340772
1676592000,1649.600000,1717.800000,1640.700000,1691.500000,3.969871,6715.037608
1676505600,1674.700000,1741.100000,1639.000000,1639.000000,62.712785,102786.255254
1676419200,1548.200000,1683.900000,1548.200000,1669.900000,7.313826,12213.357269
1676332800,1505.100000,1565.800000,1498.600000,1559.800000,18.312641,28564.056870
1676246400,1514.700000,1524.500000,1469.000000,1509.500000,60.407296,91184.812784
1676160000,1533.400000,1545.500000,1507.000000,1514.700000,10.732288,16256.197073
1676073600,1508.900000,1540.100000,1508.900000,1538.700000,9.519943,14648.336125
1675987200,1550.600000,1555.600000,1492.000000,1509.900000,26.385739,39839.826969
1675900800,1620.100000,1647.000000,1527.000000,1546.900000,21.377722,33069.198146
1675814400,1670.200000,1692.000000,1632.800000,1646.200000,5.008955,8245.742396
1675728000,1623.300000,1670.100000,1623.100000,1670.100000,4.159298,6946.442822
1675641600,1630.900000,1649.600000,1614.300000,1614.800000,7.853277,12681.472265
1675555200,1661.800000,1667.700000,1616.200000,1637.900000,38.126102,62446.743006
1675468800,1658.100000,1682.200000,1647.900000,1677.700000,1.075856,1804.963896
1675382400,1650.000000,1658.900000,1616.700000,1647.900000,216.169543,356225.790519
1675296000,1669.300000,1694.500000,1669.300000,1675.000000,85.886553,143859.975538
1675209600,1578.200000,1646.000000,1574.900000,1640.300000,38.109147,62510.433529
1675123200,1571.200000,1589.000000,1571.200000,1589.000000,8.610522,13682.119077
1675036800,1639.300000,1639.300000,1545.000000,1555.100000,5.404203,8404.075805
1674950400,1591.700000,1654.000000,1587.600000,1646.300000,11.089549,18256.724617
1674864000,1598.300000,1600.100000,1566.800000,1566.800000,1.131643,1773.058597
1674777600,1576.100000,1617.300000,1561.100000,1599.400000,14.260770,22808.675202
1674691200,1620.000000,1620.100000,1596.800000,1605.100000,6.836900,10973.908383
1674604800,1531.000000,1637.400000,1525.100000,1615.900000,18.126473,29290.567058
1674518400,1635.300000,1657.600000,1541.000000,1565.600000,28.048082,43912.077195
1674432000,1590.000000,1634.800000,1570.000000,1634.800000,6.634230,10845.638534
1674345600,1627.200000,1642.700000,1627.200000,1642.700000,0.467495,767.953839
1674259200,1666.000000,1689.100000,1633.900000,1642.900000,20.880627,34304.782920
1674172800,1548.400000,1661.600000,1548.200000,1661.600000,48.583982,80727.144956
1674086400,1514.300000,1550.300000,1514.300000,1549.200000,55.375951,85788.423212
1674000000,1566.700000,1585.400000,1518.000000,1518.000000,3.212812,4877.047872
1673913600,1569.600000,1593.500000,1545.000000,1568.100000,49.332223,77357.858118
1673827200,1551.300000,1591.700000,1539.400000,1579.000000,45.272464,71485.220182
1673740800,1551.000000,1568.700000,1518.100000,1551.800000,38.760427,60148.431053
1673654400,1453.100000,1611.000000,1453.100000,1551.300000,75.865444,117690.063541
1673568000,1406.000000,1458.600000,1406.000000,1452.800000,77.922645,113206.018249
1673481600,1390.000000,1428.900000,1377.000000,1422.600000,25.227442,35888.559516
1673395200,1328.300000,1355.900000,1321.900000,1351.900000,14.749567,19939.939857
1673308800,1320.400000,1344.600000,1320.400000,1338.000000,17.996864,24079.803898
1673222400,1287.700000,1347.300000,1284.700000,1317.700000,83.287750,109748.268320
1673136000,1261.000000,1290.400000,1259.000000,1290.400000,68.337928,88183.262330
1673049600,1265.700000,1265.700000,1262.600000,1264.800000,0.550216,695.913690
1672963200,1261.700000,1273.700000,1260.300000,1273.700000,4.654393,5928.300593
1672876800,1258.000000,1258.000000,1234.200000,1234.200000,35.206088,43451.353415
1672790400,1252.700000,1255.500000,1252.700000,1255.100000,7.716683,9685.208457
1672704000,1212.300000,1219.300000,1205.000000,1208.400000,53.655212,64836.958036
1672617600,1212.000000,1218.800000,1212.000000,1218.300000,3.480705,4240.543096
1672531200,1196.300000,1203.500000,1192.300000,1203.500000,5.188955,6244.906837
1672444800,1194.800000,1207.500000,1193.200000,1194.900000,14.764809,17642.470668
1672358400,1198.300000,1201.700000,1188.400000,1196.900000,8.778531,10507.023550
1672272000,1185.900000,1205.900000,1185.900000,1201.500000,10.473238,12583.595938
1672185600,1203.600000,1211.700000,1186.500000,1186.500000,6.879974,8163.088581
1672099200,1231.400000,1231.400000,1205.300000,1205.300000,2.476915,2985.425457
1672012800,1219.600000,1222.500000,1210.800000,1219.900000,37.084102,45238.896115
1671926400,1218.600000,1220.200000,1206.200000,1210.000000,1.354375,1638.794052
1671840000,1219.200000,1221.000000,1217.900000,1221.000000,7.142707,8721.244991
1671753600,1218.700000,1230.500000,1216.800000,1219.800000,17.102753,20861.937878
1671667200,1217.900000,1231.500000,1186.600000,1218.000000,17.262276,21025.451596
1671580800,1210.000000,1220.500000,1207.300000,1213.900000,3.166289,3843.557707
1671494400,1168.700000,1224.700000,1168.700000,1215.000000,75.194341,91361.124108
1671408000,1185.400000,1185.400000,1167.500000,1167.900000,10.681843,12475.323879
1671321600,1186.200000,1197.000000,1174.200000,1184.700000,12.396860,14686.559947
1671235200,1169.600000,1188.000000,1165.000000,1188.000000,13.373951,15888.253657
1671148800,1270.300000,1277.500000,1155.800000,1164.000000,123.667926,143949.466015
1671062400,1306.100000,1306.100000,1259.700000,1265.000000,117.338619,148433.352972
1670976000,1322.000000,1351.100000,1311.100000,1315.500000,5.724750,7530.908888
1670889600,1278.300000,1344.600000,1265.900000,1320.000000,96.257934,127060.473289
1670803200,1260.200000,1272.900000,1240.100000,1272.900000,9.482548,12070.335693
1670716800,1262.000000,1282.400000,1253.600000,1263.000000,13.522231,17078.577349
1670630400,1267.700000,1282.900000,1264.900000,1267.500000,2.991089,3791.204978
1670544000,1279.800000,1290.800000,1253.400000,1266.400000,9.764460,12365.711612
1670457600,1234.000000,1301.700000,1225.700000,1283.900000,328.901951,422277.215081
1670371200,1272.000000,1272.000000,1220.800000,1223.000000,193.190194,236271.607702
1670284800,1265.000000,1272.800000,1243.800000,1271.300000,174.781007,222199.094593
1670198400,1279.700000,1302.400000,1252.000000,1256.800000,39.551664,49708.531391
1670112000,1252.000000,1278.500000,1251.700000,1278.500000,15.600911,19945.764982
1670025600,1289.400000,1289.400000,1239.500000,1239.500000,66.980512,83022.344339
1669939200,1275.300000,1295.400000,1266.200000,1294.600000,25.069594,32455.096858
1669852800,1293.800000,1296.500000,1264.000000,1275.200000,51.781932,66032.319559
1669766400,1216.400000,1307.400000,1212.500000,1294.800000,180.126329,233227.570232
1669680000,1165.100000,1222.400000,1163.800000,1216.100000,214.121914,260393.659348
1669593600,1194.300000,1198.700000,1152.100000,1167.300000,164.512101,192034.975532
1669507200,1215.500000,1221.900000,1191.700000,1193.500000,22.667309,27053.433232
1669420800,1203.200000,1228.000000,1199.000000,1199.000000,36.190970,43392.972646
1669334400,1202.000000,1205.100000,1179.000000,1198.600000,152.852807,183209.374998
1669248000,1182.700000,1213.700000,1179.600000,1203.400000,90.108069,108436.050836
1669161600,1143.400000,1189.200000,1129.100000,1183.700000,262.926796,311226.448023
1669075200,1102.300000,1137.200000,1077.500000,1131.600000,18.186637,20579.998282
1668988800,1133.900000,1140.900000,1083.500000,1107.000000,73.551506,81421.517607
1668902400,1219.600000,1219.800000,1137.400000,1137.400000,53.738758,61122.463736
1668816000,1209.700000,1226.900000,1196.300000,1217.100000,10.181786,12392.251570
1668729600,1212.000000,1223.800000,1200.100000,1209.100000,1.992196,2408.764728
1668643200,1217.600000,1223.000000,1182.700000,1203.100000,27.963763,33643.202868
1668556800,1253.100000,1266.300000,1189.400000,1212.000000,107.872574,130741.560052
1668470400,1239.600000,1285.900000,1236.100000,1247.800000,34.487175,43033.097389
1668384000,1223.000000,1288.400000,1176.300000,1239.300000,161.976305,200737.234563
1668297600,1257.600000,1272.800000,1191.600000,1223.900000,68.673163,84049.084012
1668211200,1278.500000,1278.800000,1237.700000,1253.000000,26.656329,33400.379773
1668124800,1262.200000,1302.300000,1207.800000,1289.600000,508.490504,655749.354036
1668038400,1089.700000,1353.400000,1089.700000,1293.400000,215.803652,279120.443303
1667952000,1324.900000,1337.600000,1078.800000,1101.600000,293.845672,323700.392077
1667865600,1571.000000,1585.700000,1255.000000,1331.600000,275.157433,366399.637929
1667779200,1566.500000,1603.600000,1545.600000,1567.700000,40.395293,63327.701432
1667692800,1622.000000,1633.900000,1568.300000,1573.100000,41.531581,65333.329473
1667606400,1640.800000,1664.000000,1624.400000,1624.800000,15.405189,25030.350454
1667520000,1528.400000,1675.000000,1528.400000,1643.000000,124.575011,204676.742268
1667433600,1515.100000,1558.500000,1515.100000,1528.000000,67.470397,103094.766631
1667347200,1578.300000,1611.000000,1503.600000,1521.300000,347.002523,527894.938392
1667260800,1572.100000,1608.600000,1569.300000,1582.000000,36.749199,58137.232850
1667174400,1583.900000,1630.800000,1544.500000,1576.200000,53.848572,84876.119045
1667088000,1610.900000,1638.300000,1579.600000,1587.400000,7.166375,11375.904278
1667001600,1553.800000,1659.700000,1551.600000,1620.400000,81.160702,131512.801748
1666915200,1514.700000,1572.200000,1480.000000,1556.700000,20.665970,32170.715234
1666828800,1564.100000,1567.600000,1507.900000,1512.500000,48.208935,72916.013583
1666742400,1468.400000,1584.400000,1468.400000,1574.100000,89.169606,140361.876222
1666656000,1343.600000,1527.500000,1343.600000,1459.600000,50.048265,73050.447725
1666569600,1342.100000,1354.500000,1327.300000,1345.700000,10.978017,14773.117046
1666483200,1312.400000,1369.300000,1307.000000,1369.300000,50.534347,69196.681662
1666396800,1307.500000,1317.000000,1304.300000,1315.400000,7.782392,10236.957792
1666310400,1287.500000,1306.100000,1254.700000,1301.100000,43.129222,56115.431095
1666224000,1282.400000,1307.400000,1282.400000,1289.000000,9.574148,12341.076411
1666137600,1309.500000,1310.100000,1282.600000,1285.700000,21.113779,27145.985056
1666051200,1335.700000,1337.100000,1289.200000,1309.300000,47.450792,62127.322070
1665964800,1307.200000,1336.900000,1298.500000,1336.700000,8.244251,11020.090753
1665878400,1276.000000,1313.400000,1276.000000,1313.400000,16.429147,21578.041525
1665792000,1296.400000,1296.400000,1269.900000,1274.500000,14.561627,18558.793930
1665705600,1320.800000,1341.200000,1295.500000,1296.400000,17.716529,22967.707936
1665619200,1292.800000,1299.700000,1175.000000,1294.300000,45.275969,58600.687026
1665532800,1284.400000,1303.000000,1284.400000,1294.100000,28.410654,36766.226914
1665446400,1286.000000,1287.100000,1268.900000,1282.500000,39.265752,50358.326619
1665360000,1333.600000,1336.900000,1293.800000,1293.800000,11.779671,15240.538715
1665273600,1325.800000,1325.800000,1314.200000,1318.900000,3.737337,4929.174099
1665187200,1332.500000,1332.500000,1325.200000,1326.300000,7.523599,9978.549645
1665100800,1354.600000,1358.600000,1322.400000,1333.700000,49.479468,65990.766098
1665014400,1364.100000,1376.700000,1350.100000,1352.000000,93.947662,127017.238767
1664928000,1357.200000,1358.600000,1320.400000,1350.400000,111.554575,150643.298350
1664841600,1322.200000,1368.200000,1320.200000,1362.700000,47.962051,65357.887470
1664755200,1274.800000,1326.100000,1271.100000,1324.900000,29.486815,39067.080597
1664668800,1309.800000,1311.500000,1290.000000,1296.600000,30.305940,39294.682037
1664582400,1327.700000,1332.700000,1304.100000,1313.700000,26.928130,35375.484394
1664496000,1336.500000,1357.400000,1318.100000,1325.000000,43.049830,57041.024167
1664409600,1337.500000,1351.300000,1293.000000,1336.100000,115.009916,153664.748327
1664323200,1336.700000,1353.900000,1271.700000,1337.300000,96.443533,128973.936788
1664236800,1336.200000,1396.400000,1304.000000,1325.500000,35.660247,47267.657968
1664150400,1307.700000,1335.100000,1289.200000,1335.100000,31.342289,41845.090164
1664064000,1317.500000,1333.000000,1273.700000,1297.300000,33.063344,42893.076599
1663977600,1323.300000,1344.800000,1315.300000,1315.700000,6.347618,8351.560411
1663891200,1330.900000,1349.500000,1264.000000,1323.800000,43.053800,56994.620255
1663804800,1257.600000,1324.600000,1257.600000,1324.600000,19.777322,26197.040946
1663718400,1322.200000,1399.000000,1224.000000,1236.200000,101.067151,124939.212313
1663632000,1381.800000,1383.900000,1317.700000,1324.500000,35.634080,47197.339278
1663545600,1336.400000,1391.800000,1290.810000,1391.800000,64.325213,89527.830771
1663459200,1464.700000,1464.700000,1325.300000,1346.200000,18.987778,25561.347336
1663372800,1440.600000,1468.100000,1420.300000,1468.100000,6.223054,9136.065739
1663286400,1450.000000,1480.200000,1411.500000,1446.200000,20.231075,29258.180549
1663200000,1641.700000,1650.000000,1461.400000,1464.000000,31.779134,46524.651810
1663113600,1567.200000,1632.800000,1562.100000,1632.800000,93.921403,153354.866394
1663027200,1676.000000,1725.900000,1563.200000,1577.300000,28.141782,44388.033206
1662940800,1741.300000,1756.600000,1698.000000,1709.800000,105.237921,179935.797839
1662854400,1767.800000,1783.000000,1725.100000,1749.100000,40.192896,70301.393746
1662768000,1715.500000,1783.200000,1713.400000,1783.200000,15.566556,27758.281857
1662681600,1643.500000,1730.000000,1635.100000,1721.100000,48.728426,83866.493438
1662595200,1620.800000,1644.200000,1601.500000,1630.200000,62.643918,102122.115042
1662508800,1522.000000,1646.500000,1505.000000,1646.500000,36.656334,60354.654507
1662422400,1630.200000,1681.000000,1571.700000,1577.600000,41.411809,65331.269516
1662336000,1577.100000,1610.900000,1558.500000,1594.800000,10.025877,15989.269278
1662249600,1550.700000,1576.000000,1548.300000,1576.000000,2.709121,4269.575263
1662163200,1569.500000,1577.500000,1544.900000,1554.800000,3.685755,5730.611314
1662076800,1581.900000,1641.200000,1528.600000,1575.300000,170.624420,268784.648180
1661990400,1557.100000,1586.600000,1532.400000,1585.600000,236.592829,375141.589314
1661904000,1562.400000,1614.900000,1537.500000,1551.600000,30.248251,46933.186872
1661817600,1535.800000,1595.000000,1480.800000,1539.500000,38.499975,59270.711990
1661731200,1428.000000,1595.000000,1424.900000,1551.300000,75.722673,117468.583090
1661644800,1493.800000,1494.800000,1425.000000,1425.100000,46.515338,66289.008797
1661558400,1494.900000,1512.600000,1451.600000,1495.100000,44.267784,66184.764053
1661472000,1687.700000,1702.600000,1502.100000,1502.100000,113.315021,170210.493059
1661385600,1669.500000,1715.800000,1669.500000,1696.900000,12.408868,21056.608669
1661299200,1649.300000,1689.700000,1607.000000,1658.700000,73.263310,121521.852148
1661212800,1624.400000,1665.700000,1566.700000,1652.400000,15.810230,26124.824614
1661126400,1615.800000,1626.300000,1534.100000,1626.300000,138.326469,224960.336274
1661040000,1578.700000,1645.800000,1569.700000,1624.500000,12.656893,20561.123377
1660953600,1622.800000,1646.400000,1525.000000,1573.500000,3971.671744,6249425.489798
1660867200,1818.400000,1833.100000,1619.200000,1623.500000,783.646249,1272249.685105
1660780800,1834.400000,1876.100000,1834.400000,1847.200000,15.744706,29083.621681
1660694400,1877.500000,1959.300000,1824.800000,1838.600000,156.658369,288032.077574
1660608000,1904.100000,1906.900000,1857.000000,1878.100000,4.687323,8803.261214
1660521600,1951.000000,2011.700000,1887.900000,1910.900000,15.178150,29003.927389
1660435200,1993.000000,2023.000000,1922.200000,1936.600000,1483.621543,2873181.480871
1660348800,1951.200000,2026.200000,1951.200000,1978.800000,723.274018,1431214.627630
1660262400,1886.200000,1959.600000,1870.700000,1959.600000,38.135180,74729.698610
1660176000,1872.400000,1929.500000,1872.400000,1877.800000,134.036698,251694.110847
1660089600,1689.920000,1865.100000,1668.840000,1857.300000,8.992114,16701.053146
1660003200,1771.220000,1796.940000,1688.000000,1702.970000,28.213372,48046.525876
1659916800,1699.790000,1800.120000,1699.790000,1773.890000,87.101949,154509.275939
1659830400,1673.260000,1823.970000,1673.260000,1718.150000,472.990792,812669.128433
1659744000,1741.720000,1748.410000,1688.680000,1700.000000,9.345622,15887.557383
1659657600,1614.480000,1738.110000,1614.480000,1738.110000,7.655797,13306.618036
1659571200,1619.680000,1661.180000,1584.810000,1588.000000,34.866868,55368.585892
1659484800,1622.070000,1678.430000,1596.880000,1613.430000,354.951802,572689.885691
1659398400,1629.260000,1674.680000,1561.030000,1647.740000,94.555541,155802.947935
1659312000,1676.460000,1697.510000,1615.930000,1633.850000,201.149615,328648.299007
1659225600,1692.180000,1746.670000,1669.600000,1680.170000,31.693536,53250.528986
1659139200,1729.040000,1737.950000,1682.720000,1702.560000,13.264845,22584.194588
1659052800,1726.830000,1741.010000,1661.330000,1718.760000,44.286560,76117.967230
1658966400,1633.400000,1774.000000,1607.490000,1717.210000,199.844890,343175.644072
1658880000,1453.340000,1635.830000,1435.380000,1635.830000,49.617746,81166.196981
1658793600,1437.250000,1452.460000,1358.550000,1452.460000,141.470297,205479.946869
1658707200,1599.160000,1599.160000,1440.150000,1449.170000,70.160552,101674.566736
1658620800,1552.640000,1654.330000,1552.640000,1600.560000,56.912107,91091.241820
1658534400,1536.250000,1594.470000,1493.830000,1545.830000,165.656238,256076.382913
1658448000,1581.570000,1644.580000,1519.750000,1534.650000,24.453491,37527.549411
1658361600,1527.110000,1602.220000,1468.530000,1572.970000,56.520340,88904.799619
1658275200,1528.950000,1617.830000,1495.550000,1541.400000,131.942740,203376.538897
1658188800,1575.720000,1625.280000,1502.920000,1551.750000,624.629122,969268.239660
1658102400,1360.190000,1587.210000,1358.300000,1587.210000,152.899781,242684.061322
1658016000,1359.530000,1376.410000,1322.310000,1344.050000,50.885034,68392.029948
1657929600,1213.250000,2800.000000,1194.270000,1353.990000,100.048125,135464.160972
1657843200,1211.590000,1268.120000,1206.130000,1231.780000,16.576222,20418.258821
1657756800,1116.160000,1203.790000,1076.350000,1192.660000,219.235242,261473.103282
1657670400,1057.580000,1112.750000,1012.150000,1104.250000,99.730564,110127.475220
1657584000,1092.220000,1092.790000,1034.230000,1043.860000,148.675679,155196.594469
1657497600,1157.850000,1169.740000,1091.880000,1096.680000,100.305255,110002.766637
1657411200,1215.510000,1217.310000,1153.000000,1182.790000,90.432595,106962.768484
1657324800,1212.260000,1229.410000,1206.020000,1216.040000,2.191695,2665.189104
1657238400,1236.660000,1269.000000,1193.450000,1255.070000,22.574521,28332.603632
1657152000,1182.860000,1251.000000,1164.740000,1239.760000,39.517818,48992.609535
1657065600,1114.080000,1196.220000,1114.080000,1190.930000,41.146769,49002.921569
1656979200,1149.930000,1175.490000,1078.140000,1147.260000,183.488874,210509.446102
1656892800,1070.950000,1156.100000,1048.250000,1156.100000,151.530687,175184.626848
1656806400,1065.770000,1080.750000,1042.240000,1073.860000,16.115754,17306.063709
1656720000,1055.900000,1077.250000,1028.370000,1062.400000,52.630558,55914.705106
1656633600,1065.520000,1102.480000,1038.510000,1060.880000,35.351867,37504.088769
1656547200,1101.230000,1101.230000,1001.110000,1068.860000,37.691744,40287.197716
1656460800,1146.470000,1146.470000,1093.970000,1106.340000,14.101218,15600.741799
1656374400,1193.370000,1230.090000,1142.580000,1142.620000,162.471744,185643.464004
1656288000,1205.740000,1232.810000,1174.790000,1211.360000,68.518129,83000.120285
1656201600,1233.360000,1274.950000,1197.660000,1197.660000,4.470216,5353.799290
1656115200,1219.670000,1251.640000,1182.040000,1242.930000,49.707712,61783.206638
1656028800,1144.070000,1238.010000,1133.520000,1232.200000,44.706948,55087.901547
1655942400,1069.630000,1147.420000,1069.630000,1145.970000,19.310383,22129.119733
1655856000,1124.780000,1124.930000,1051.150000,1053.030000,83.286719,87703.413403
1655769600,1123.680000,1176.330000,1115.000000,1122.600000,175.536112,197056.838792
1655683200,1095.980000,1160.660000,1070.070000,1130.790000,82.842732,93677.732862
1655596800,997.810000,1147.360000,941.490000,1147.360000,100.551020,115368.218238
1655510400,1089.190000,1089.190000,888.000000,990.940000,244.482820,242267.805978
1655424000,1070.290000,1105.340000,1055.480000,1082.110000,59.788438,64697.666265
1655337600,1244.080000,1250.220000,1066.530000,1066.530000,33.530577,35761.366149
1655251200,1196.000000,1239.080000,1019.530000,1216.050000,3583.983507,4358303.143651
1655164800,1201.300000,1292.070000,1088.000000,1171.640000,339.298874,397536.132464
1655078400,1431.920000,1451.000000,1168.000000,1200.950000,468.700003,562885.268327
1654992000,1535.880000,1535.880000,1428.000000,1445.810000,128.448149,185711.618624
1654905600,1660.340000,1679.000000,1503.770000,1546.450000,120.408379,186205.538060
1654819200,1777.640000,1781.050000,1663.840000,1666.000000,32.159955,53578.484530
1654732800,1782.350000,1810.800000,1782.350000,1790.090000,14.392972,25764.715802
1654646400,1821.180000,1821.180000,1776.390000,1799.170000,54.656704,98336.702891
1654560000,1836.710000,1848.710000,1736.780000,1779.860000,105.411754,187618.164955
1654473600,1820.230000,1907.200000,1820.230000,1857.740000,10.543781,19587.603696
1654387200,1796.260000,1821.310000,1774.660000,1813.950000,37.634935,68267.890688
1654300800,1753.230000,1800.000000,1753.230000,1800.000000,37.052698,66694.856112
1654214400,1805.170000,1805.170000,1737.700000,1784.200000,3.631480,6479.286241
1654128000,1830.730000,1838.300000,1792.380000,1838.300000,3.555101,6535.341617
1654041600,1922.280000,1945.140000,1764.510000,1809.500000,103.318385,186954.617730
1653955200,1974.580000,1995.030000,1940.880000,1940.880000,87.346204,169528.500555
1653868800,1812.100000,2000.000000,1812.100000,2000.000000,54.611321,109222.641120
1653782400,1770.000000,1819.210000,1770.000000,1819.210000,40.808839,74239.848397
1653696000,1749.450000,1800.000000,1726.570000,1783.500000,91.445226,163092.560714
1653609600,1750.000000,1815.590000,1720.000000,1726.000000,15.247406,26317.022445
1653523200,1920.680000,1922.330000,1745.000000,1800.000000,114.085962,205354.731978
1653436800,1981.840000,1982.430000,1954.190000,1958.000000,5.645340,11053.575877
1653350400,1966.740000,1989.680000,1913.940000,1971.660000,116.257197,229219.665589
1653264000,2075.420000,2077.280000,1960.720000,1969.090000,177.068117,348663.058838
1653177600,2032.420000,2040.000000,1999.670000,2040.000000,214.978018,438555.156455
1653091200,1967.360000,1974.910000,1965.930000,1974.910000,2.542410,5021.031605
1653004800,2023.220000,2033.210000,1929.000000,1957.120000,83.602074,163619.291184
1652918400,1912.150000,2030.000000,1912.150000,2012.760000,253.476445,510187.250384
1652832000,2066.550000,2066.550000,1950.000000,1952.840000,40.717541,79514.842981
1652745600,2026.280000,2096.690000,2019.830000,2086.060000,70.507906,147083.721431
1652659200,2084.890000,2084.890000,1986.730000,2019.830000,136.426815,275558.973600
1652572800,2021.190000,2150.400000,2021.190000,2150.400000,5.195683,11172.795863
1652486400,1999.040000,2050.000000,1951.360000,2048.480000,430.302740,881466.557204
1652400000,1997.690000,2142.320000,1997.690000,2025.580000,127.870445,259011.815072
1652313600,2134.860000,2175.780000,1676.310000,1937.100000,464.138624,899082.927698
1652227200,2344.600000,2449.900000,2003.110000,2075.350000,467.460629,970144.417308
1652140800,2227.890000,2450.290000,2202.000000,2342.440000,127.094917,297712.217307
1652054400,2519.950000,2519.950000,2225.650000,2254.740000,236.718430,533738.513084
1651968000,2596.660000,2596.660000,2500.000000,2516.850000,86.888348,218684.939545
1651881600,2674.260000,2674.260000,2589.000000,2641.340000,8.759852,23137.747218
1651795200,2725.150000,2742.250000,2633.000000,2682.260000,114.736255,307752.468463
1651708800,2946.950000,2946.950000,2691.350000,2749.010000,70.592913,194060.624673
1651622400,2795.010000,2957.730000,2795.010000,2927.890000,81.967161,239990.831050
1651536000,2844.700000,2849.160000,2767.960000,2775.000000,72.421910,200970.800916
1651449600,2841.150000,2878.860000,2781.560000,2872.450000,79.535060,228460.481862
1651363200,2732.140000,2836.490000,2732.140000,2836.490000,50.720387,143867.871486
1651276800,2829.150000,2829.150000,2719.000000,2736.250000,13.358950,36553.426363
1651190400,2942.000000,2942.000000,2793.350000,2813.940000,47.796566,134496.667973
1651104000,2896.600000,2976.030000,2877.110000,2932.350000,29.157612,85500.323695
1651017600,2820.140000,2901.770000,2819.020000,2859.930000,78.364309,224116.438467
1650931200,3027.700000,3027.700000,2785.480000,2796.710000,64.355275,179983.041173
1650844800,2908.680000,3021.330000,2798.150000,3006.350000,86.802047,260957.333217
1650758400,2945.220000,2962.900000,2930.350000,2958.330000,1.821516,5388.646316
1650672000,2958.580000,2975.860000,2928.800000,2938.330000,11.056408,32487.374085
1650585600,3011.920000,3011.920000,2940.090000,2958.440000,4.394874,13001.971658
1650499200,3086.800000,3173.490000,2957.810000,2983.610000,117.925883,351844.844524
1650412800,3079.260000,3165.470000,3045.910000,3080.440000,38.289004,117946.979205
1650326400,3063.230000,3114.900000,3039.070000,3104.290000,11.376998,35317.499693
1650240000,2984.850000,3063.080000,2886.680000,3063.080000,34.850563,106750.063954
1650153600,3061.400000,3075.420000,2976.240000,2995.540000,8.293643,24843.940610
1650067200,3042.650000,3071.490000,3024.620000,3071.490000,3.948078,12126.482895
1649980800,3035.370000,3045.420000,3001.410000,3023.280000,7.854547,23746.494703
1649894400,3118.660000,3143.870000,2974.410000,3021.140000,7.248317,21898.181509
1649808000,3030.070000,3119.380000,3017.250000,3118.190000,28.761607,89684.154926
1649721600,2981.820000,3071.320000,2955.410000,3034.210000,17.131753,51981.334814
1649635200,3194.640000,3212.420000,2952.000000,3000.330000,73.877080,221655.618836
1649548800,3259.070000,3305.310000,3197.010000,3197.010000,7.856642,25117.763744
1649462400,3196.260000,3238.600000,3196.260000,3238.150000,152.353267,493342.731115
1649376000,3224.400000,3300.710000,3200.000000,3200.000000,17.595407,56305.303456
1649289600,3203.200000,3274.990000,3165.010000,3202.000000,82.853300,265296.267913
1649203200,3282.000000,3370.470000,3159.540000,3206.250000,285.243600,914562.292724
1649116800,3531.360000,3547.020000,3425.480000,3438.110000,8.486631,29177.971148
1649030400,3498.080000,3545.340000,3410.000000,3527.910000,25.107072,88575.489603
1648944000,3445.460000,3567.000000,3445.460000,3562.260000,35.008673,124709.994127
1648857600,3477.940000,3529.220000,3445.390000,3479.000000,14.228433,49500.720007
1648771200,3285.390000,3464.680000,3212.600000,3448.000000,39.392538,135825.472058
1648684800,3403.880000,3421.200000,3276.060000,3285.120000,35.663239,117158.021313
1648598400,3391.190000,3447.000000,3356.480000,3385.110000,32.694865,110675.714934
1648512000,3358.040000,3482.290000,3313.410000,3340.460000,71.643339,239321.708630
1648425600,3285.280000,3429.580000,3285.280000,3347.790000,148.127442,495899.570225
